0,1
cutoff-3.9.1,f3ee31a9ae0b31caa8f4bdb3c0e410ed
cutoff-3.9.1,f3ee31a9ae0b31caa8f4bdb3c0e410ed
cutoff-3.9.1,f3ee31a9ae0b31caa8f4bdb3c0e410ed
cutoff-3.9.1,f3ee31a9ae0b31caa8f4bdb3c0e410ed
cutoff-3.9.1,f3ee31a9ae0b31caa8f4bdb3c0e410ed
cutoff-3.9.1,f3ee31a9ae0b31caa8f4bdb3c0e410ed
cutoff-3.9.1,f3ee31a9ae0b31caa8f4bdb3c0e410ed
cutoff-3.9.1,f3ee31a9ae0b31caa8f4bdb3c0e410ed
cutoff-3.9.1,2f298d6798217ca204f60bdc1efe8ea1
cutoff-3.9.1,2f298d6798217ca204f60bdc1efe8ea1
cutoff-3.9.1,2f298d6798217ca204f60bdc1efe8ea1
cutoff-3.9.1,2f298d6798217ca204f60bdc1efe8ea1
cutoff-3.9.1,2f298d6798217ca204f60bdc1efe8ea1
cutoff-3.9.1,2f298d6798217ca204f60bdc1efe8ea1
cutoff-3.9.1,2f298d6798217ca204f60bdc1efe8ea1
cutoff-3.9.1,2f298d6798217ca204f60bdc1efe8ea1
cutoff-3.9.1,2f298d6798217ca204f60bdc1efe8ea1
cutoff-3.9.1,7c69d8d16174f2f1090de6862b1564f8
cutoff-3.9.1,5cb69853f15e2cf372fcf87080a69dac
cutoff-3.9.1,5cb69853f15e2cf372fcf87080a69dac
cutoff-3.9.1,5cb69853f15e2cf372fcf87080a69dac
cutoff-3.9.1,5cb69853f15e2cf372fcf87080a69dac
cutoff-3.9.1,5cb69853f15e2cf372fcf87080a69dac
cutoff-3.9.1,5cb69853f15e2cf372fcf87080a69dac
cutoff-3.9.1,5cb69853f15e2cf372fcf87080a69dac
cutoff-3.9.1,5cb69853f15e2cf372fcf87080a69dac
cutoff-3.9.1,5cb69853f15e2cf372fcf87080a69dac
cutoff-3.9.1,5cb69853f15e2cf372fcf87080a69dac
cutoff-3.9.1,5cb69853f15e2cf372fcf87080a69dac
cutoff-3.9.1,5cb69853f15e2cf372fcf87080a69dac
cutoff-3.9.1,5cb69853f15e2cf372fcf87080a69dac
cutoff-3.9.1,5cb69853f15e2cf372fcf87080a69dac
cutoff-3.9.1,5cb69853f15e2cf372fcf87080a69dac
cutoff-3.9.1,5cb69853f15e2cf372fcf87080a69dac
cutoff-3.9.1,d2cf377db3ed6bbbe4ea357e2d2def51
cutoff-3.9.1,d2cf377db3ed6bbbe4ea357e2d2def51
cutoff-3.9.1,6ab0c8da4712821cea8df4936316f958
cutoff-3.9.1,6ab0c8da4712821cea8df4936316f958
cutoff-3.9.1,6ab0c8da4712821cea8df4936316f958
cutoff-3.9.1,6ab0c8da4712821cea8df4936316f958
cutoff-3.9.1,6ab0c8da4712821cea8df4936316f958
cutoff-3.9.1,6ab0c8da4712821cea8df4936316f958
cutoff-3.9.1,6ab0c8da4712821cea8df4936316f958
cutoff-3.9.1,6ab0c8da4712821cea8df4936316f958
cutoff-3.9.1,6ab0c8da4712821cea8df4936316f958
cutoff-3.9.1,6ab0c8da4712821cea8df4936316f958
cutoff-3.9.1,6f62652ec33ef049081d838e0f7d9255
cutoff-3.9.1,6f62652ec33ef049081d838e0f7d9255
cutoff-3.9.1,6f62652ec33ef049081d838e0f7d9255
cutoff-3.9.1,6f62652ec33ef049081d838e0f7d9255
cutoff-3.9.1,6f62652ec33ef049081d838e0f7d9255
cutoff-3.9.1,6f62652ec33ef049081d838e0f7d9255
cutoff-3.9.1,5ec559f79782db2bfdcbcffc1e7c9966
cutoff-3.9.1,5ec559f79782db2bfdcbcffc1e7c9966
cutoff-3.9.1,5ec559f79782db2bfdcbcffc1e7c9966
cutoff-3.9.1,8285b545c95ff0a2d17eb2bc57cbeaa2
cutoff-3.9.1,8285b545c95ff0a2d17eb2bc57cbeaa2
cutoff-3.9.1,8285b545c95ff0a2d17eb2bc57cbeaa2
cutoff-3.9.1,8285b545c95ff0a2d17eb2bc57cbeaa2
cutoff-3.9.1,8285b545c95ff0a2d17eb2bc57cbeaa2
cutoff-3.9.1,8285b545c95ff0a2d17eb2bc57cbeaa2
cutoff-3.9.1,bd7dddfe46e52010e6555a437bd04f4e
cutoff-3.9.1,bd7dddfe46e52010e6555a437bd04f4e
cutoff-3.9.1,bd7dddfe46e52010e6555a437bd04f4e
cutoff-3.9.1,bd7dddfe46e52010e6555a437bd04f4e
cutoff-3.9.1,bd7dddfe46e52010e6555a437bd04f4e
cutoff-3.9.1,bd7dddfe46e52010e6555a437bd04f4e
cutoff-3.9.1,bd7dddfe46e52010e6555a437bd04f4e
cutoff-3.9.1,bd7dddfe46e52010e6555a437bd04f4e
cutoff-3.9.1,bd7dddfe46e52010e6555a437bd04f4e
cutoff-3.9.1,bd7dddfe46e52010e6555a437bd04f4e
cutoff-3.9.1,bd7dddfe46e52010e6555a437bd04f4e
cutoff-3.9.1,bd7dddfe46e52010e6555a437bd04f4e
cutoff-3.9.1,bd7dddfe46e52010e6555a437bd04f4e
cutoff-3.9.1,bd7dddfe46e52010e6555a437bd04f4e
cutoff-3.9.1,bd7dddfe46e52010e6555a437bd04f4e
cutoff-3.9.1,bd7dddfe46e52010e6555a437bd04f4e
cutoff-3.9.1,7464c9134f1bed22fe5995c4e4306dd1
cutoff-3.9.1,7464c9134f1bed22fe5995c4e4306dd1
cutoff-3.9.1,38bf19c9c5f3abbf3cfbf26ffb77fe49
cutoff-3.9.1,38bf19c9c5f3abbf3cfbf26ffb77fe49
cutoff-3.9.1,38bf19c9c5f3abbf3cfbf26ffb77fe49
cutoff-3.9.1,38bf19c9c5f3abbf3cfbf26ffb77fe49
cutoff-3.9.1,38bf19c9c5f3abbf3cfbf26ffb77fe49
cutoff-3.9.1,ea888204957fe4def3423047d27e2f93
cutoff-3.9.1,ea888204957fe4def3423047d27e2f93
cutoff-3.9.1,2df74714a5a7c8cc88d704fee4a848dd
cutoff-3.9.1,2df74714a5a7c8cc88d704fee4a848dd
cutoff-3.9.1,2df74714a5a7c8cc88d704fee4a848dd
cutoff-3.9.1,2df74714a5a7c8cc88d704fee4a848dd
cutoff-3.9.1,2df74714a5a7c8cc88d704fee4a848dd
cutoff-3.9.1,2df74714a5a7c8cc88d704fee4a848dd
cutoff-3.9.1,0c02fccd63475e8f7e6b9627f34c00bc
cutoff-3.9.1,476b68dc744251f288055e5ce8264feb
cutoff-3.9.1,476b68dc744251f288055e5ce8264feb
cutoff-3.9.1,476b68dc744251f288055e5ce8264feb
cutoff-3.9.1,476b68dc744251f288055e5ce8264feb
cutoff-3.9.1,476b68dc744251f288055e5ce8264feb
cutoff-3.9.1,476b68dc744251f288055e5ce8264feb
cutoff-3.9.1,476b68dc744251f288055e5ce8264feb
cutoff-3.9.1,476b68dc744251f288055e5ce8264feb
cutoff-3.9.1,476b68dc744251f288055e5ce8264feb
cutoff-3.9.1,476b68dc744251f288055e5ce8264feb
cutoff-3.9.1,476b68dc744251f288055e5ce8264feb
cutoff-3.9.1,b07ec2f6a01139d4233f0b29090538e9
cutoff-3.9.1,c92fed50fe0ad45f6f8d88f406a0c1a9
cutoff-3.9.1,c92fed50fe0ad45f6f8d88f406a0c1a9
cutoff-3.9.1,c92fed50fe0ad45f6f8d88f406a0c1a9
cutoff-3.9.1,c92fed50fe0ad45f6f8d88f406a0c1a9
cutoff-3.9.1,c92fed50fe0ad45f6f8d88f406a0c1a9
cutoff-3.9.1,c92fed50fe0ad45f6f8d88f406a0c1a9
cutoff-3.9.1,fb7307ef743ddfc993b19f78ce16a0f2
cutoff-3.9.1,fb7307ef743ddfc993b19f78ce16a0f2
cutoff-3.9.1,fb7307ef743ddfc993b19f78ce16a0f2
cutoff-3.9.1,fb7307ef743ddfc993b19f78ce16a0f2
cutoff-3.9.1,9addeb2c04927e5ec70ae2b5e043ca52
cutoff-3.9.1,1b83c7f615a550ec01fedaf0debc37f2
cutoff-3.9.1,0cd20fe6061c81eb5529d215fda879cb
cutoff-3.9.1,0cd20fe6061c81eb5529d215fda879cb
cutoff-3.9.1,0cd20fe6061c81eb5529d215fda879cb
cutoff-3.9.1,0cd20fe6061c81eb5529d215fda879cb
cutoff-3.9.1,0cd20fe6061c81eb5529d215fda879cb
cutoff-3.9.1,0cd20fe6061c81eb5529d215fda879cb
cutoff-3.9.1,0cd20fe6061c81eb5529d215fda879cb
cutoff-3.9.1,0cd20fe6061c81eb5529d215fda879cb
cutoff-3.9.1,9c8bb45c367e356f649ea67a97095d85
cutoff-3.9.1,da393c68f34ab55e8d8f1aafb86fc6ce
cutoff-3.9.1,da393c68f34ab55e8d8f1aafb86fc6ce
cutoff-3.9.1,da393c68f34ab55e8d8f1aafb86fc6ce
cutoff-3.9.1,da393c68f34ab55e8d8f1aafb86fc6ce
cutoff-3.9.1,da393c68f34ab55e8d8f1aafb86fc6ce
cutoff-3.9.1,da393c68f34ab55e8d8f1aafb86fc6ce
cutoff-3.9.1,da393c68f34ab55e8d8f1aafb86fc6ce
cutoff-3.9.1,da393c68f34ab55e8d8f1aafb86fc6ce
cutoff-3.9.1,74a217cef50c461062c4e07de29e09ce
cutoff-3.9.1,8d061c560deca234d1739fed99506a5a
cutoff-3.9.1,8d061c560deca234d1739fed99506a5a
cutoff-3.9.1,8d061c560deca234d1739fed99506a5a
cutoff-3.9.1,8d061c560deca234d1739fed99506a5a
cutoff-3.9.1,187ad56dca8970918d4b9bbbb8ffb41d
cutoff-3.9.1,187ad56dca8970918d4b9bbbb8ffb41d
cutoff-3.9.1,187ad56dca8970918d4b9bbbb8ffb41d
cutoff-3.9.1,f1e17b3ea94b57770f72b4dadfc1f208
cutoff-3.9.1,f1e17b3ea94b57770f72b4dadfc1f208
cutoff-3.9.1,f1e17b3ea94b57770f72b4dadfc1f208
cutoff-3.9.1,f1e17b3ea94b57770f72b4dadfc1f208
cutoff-3.9.1,f1e17b3ea94b57770f72b4dadfc1f208
cutoff-3.9.1,f1e17b3ea94b57770f72b4dadfc1f208
cutoff-3.9.1,f1e17b3ea94b57770f72b4dadfc1f208
cutoff-3.9.1,fed42a2a1e3f453caef469c540a2d57a
cutoff-3.9.1,fed42a2a1e3f453caef469c540a2d57a
cutoff-3.9.1,9544ea0351c962d1925ecface8bd3c93
cutoff-3.9.1,fd61d919330074150bb28d9f97360994
cutoff-3.9.1,fd61d919330074150bb28d9f97360994
cutoff-3.9.1,fd61d919330074150bb28d9f97360994
cutoff-3.9.1,fd61d919330074150bb28d9f97360994
cutoff-3.9.1,bc4470db8b0ce7b36005b03df4608207
cutoff-3.9.1,ea7450563ffa0b4aefd0e94dffde1d90
cutoff-3.9.1,ea7450563ffa0b4aefd0e94dffde1d90
cutoff-3.9.1,ea7450563ffa0b4aefd0e94dffde1d90
cutoff-3.9.1,ea7450563ffa0b4aefd0e94dffde1d90
cutoff-3.9.1,ea7450563ffa0b4aefd0e94dffde1d90
cutoff-3.9.1,52e8e5f18d0c9a247790eb293e2cb222
cutoff-3.9.1,4b26e51988bddd33a2e65e6e875787d5
cutoff-3.9.1,4b26e51988bddd33a2e65e6e875787d5
cutoff-3.9.1,4b26e51988bddd33a2e65e6e875787d5
cutoff-3.9.1,4b26e51988bddd33a2e65e6e875787d5
cutoff-3.9.1,4b26e51988bddd33a2e65e6e875787d5
cutoff-3.9.1,3f14d73766e32f808ed54e8b8cbb5def
cutoff-3.9.1,3f14d73766e32f808ed54e8b8cbb5def
cutoff-3.9.1,0594589c4612c7561b080361e5b9c0b8
cutoff-3.9.1,0594589c4612c7561b080361e5b9c0b8
cutoff-3.9.1,0594589c4612c7561b080361e5b9c0b8
cutoff-3.9.1,da99dac8de0111b95eb84ef5c5ca93fb
cutoff-3.9.1,4e829e5adfb7880fb326bc96f81e018f
cutoff-3.9.1,4e829e5adfb7880fb326bc96f81e018f
cutoff-3.9.1,4e829e5adfb7880fb326bc96f81e018f
cutoff-3.9.1,4e829e5adfb7880fb326bc96f81e018f
cutoff-3.9.1,4e829e5adfb7880fb326bc96f81e018f
