scenario,method,iteration,score,category,runtime,runs
fu,climate change,0,9.030000000447036,500,2.649467945098877,1502
fu,climate change,1,5.050000000745058,500,2.649467945098877,1502
fu,climate change,2,16.666666666666664,500,2.649467945098877,1502
fu,climate change,3,10.0,500,2.649467945098877,1502
fu,climate change,4,10.0,500,2.649467945098877,1502
fu,climate change,5,13.333333333333334,500,2.649467945098877,1502
fu,climate change,6,8.91111111144225,500,2.649467945098877,1502
fu,climate change,7,6.733333334326745,500,2.649467945098877,1502
fu,climate change,8,12.010000000149011,500,2.649467945098877,1502
fu,climate change,9,10.000000000000002,500,2.649467945098877,1502
fu,climate change,10,10.0,500,2.649467945098877,1502
fu,climate change,11,9.224000000357629,500,2.649467945098877,1502
fu,climate change,12,6.040000000596048,500,2.649467945098877,1502
fu,climate change,13,10.0,500,2.649467945098877,1502
fu,climate change,14,0.10000000149011615,500,2.649467945098877,1502
fu,climate change,15,10.0,500,2.649467945098877,1502
fu,climate change,16,10.0,500,2.649467945098877,1502
fu,climate change,17,10.0,500,2.649467945098877,1502
fu,climate change,18,10.033333333830038,500,2.649467945098877,1502
fu,climate change,19,10.033333333830038,500,2.649467945098877,1502
fu,climate change,20,0.10000000149011615,500,2.649467945098877,1502
fu,climate change,21,10.0,500,2.649467945098877,1502
fu,climate change,22,10.0,500,2.649467945098877,1502
fu,climate change,23,10.680000000198683,500,2.649467945098877,1502
fu,climate change,24,12.040000000596049,500,2.649467945098877,1502
fu,climate change,25,20.0,500,2.649467945098877,1502
fu,climate change,26,4.060000000894069,500,2.649467945098877,1502
fu,climate change,27,8.836000000536442,500,2.649467945098877,1502
fu,climate change,28,8.06000000089407,500,2.649467945098877,1502
fu,climate change,29,16.666666666666664,500,2.649467945098877,1502
fu,climate change,30,10.0,500,2.649467945098877,1502
fu,climate change,31,10.0,500,2.649467945098877,1502
fu,climate change,32,9.224000000357629,500,2.649467945098877,1502
fu,climate change,33,6.040000000596048,500,2.649467945098877,1502
fu,climate change,34,10.0,500,2.649467945098877,1502
fu,climate change,35,5.075000001117587,500,2.649467945098877,1502
fu,climate change,36,8.358333333705861,500,2.649467945098877,1502
fu,climate change,37,11.675000000124175,500,2.649467945098877,1502
fu,climate change,38,8.693333333730699,500,2.649467945098877,1502
fu,climate change,39,14.0,500,2.649467945098877,1502
fu,climate change,40,10.0,500,2.649467945098877,1502
fu,climate change,41,10.0,500,2.649467945098877,1502
fu,climate change,42,10.0,500,2.649467945098877,1502
fu,climate change,43,7.8222222228844975,500,2.649467945098877,1502
fu,climate change,44,10.025000000372529,500,2.649467945098877,1502
fu,climate change,45,10.025000000372529,500,2.649467945098877,1502
fu,climate change,46,10.025000000372529,500,2.649467945098877,1502
fu,climate change,47,15.0,500,2.649467945098877,1502
fu,climate change,48,15.0,500,2.649467945098877,1502
fu,climate change,49,5.050000000745058,500,2.649467945098877,1502
fu,climate change,50,15.025000000372529,500,2.649467945098877,1502
fu,climate change,51,5.075000001117587,500,2.649467945098877,1502
fu,climate change,52,8.358333333705861,500,2.649467945098877,1502
fu,climate change,53,0.10000000149011615,500,2.649467945098877,1502
fu,climate change,54,6.700000000496705,500,2.649467945098877,1502
fu,climate change,55,9.353333333631355,500,2.649467945098877,1502
fu,climate change,56,5.050000000745058,500,2.649467945098877,1502
fu,climate change,57,5.050000000745058,500,2.649467945098877,1502
fu,climate change,58,11.683333333581686,500,2.649467945098877,1502
fu,climate change,59,15.0,500,2.649467945098877,1502
fu,climate change,60,11.020000000298023,500,2.649467945098877,1502
fu,climate change,61,11.020000000298023,500,2.649467945098877,1502
fu,climate change,62,12.512500000186265,500,2.649467945098877,1502
fu,climate change,63,12.512500000186265,500,2.649467945098877,1502
fu,climate change,64,7.5375000005587935,500,2.649467945098877,1502
fu,climate change,65,10.0,500,2.649467945098877,1502
fu,climate change,66,8.693333333730699,500,2.649467945098877,1502
fu,climate change,67,14.0,500,2.649467945098877,1502
fu,climate change,68,5.050000000745058,500,2.649467945098877,1502
fu,climate change,69,11.683333333581686,500,2.649467945098877,1502
fu,climate change,70,11.683333333581686,500,2.649467945098877,1502
fu,climate change,71,0.10000000149011615,500,2.649467945098877,1502
fu,climate change,72,8.06000000089407,500,2.649467945098877,1502
fu,climate change,73,9.353333333631355,500,2.649467945098877,1502
fu,climate change,74,10.0,500,2.649467945098877,1502
fu,climate change,75,6.733333334326745,500,2.649467945098877,1502
fu,climate change,76,20.0,500,2.649467945098877,1502
fu,climate change,77,9.030000000447036,500,2.649467945098877,1502
fu,climate change,78,5.050000000745058,500,2.649467945098877,1502
fu,climate change,79,5.050000000745058,500,2.649467945098877,1502
fu,climate change,80,15.0,500,2.649467945098877,1502
fu,climate change,81,15.0,500,2.649467945098877,1502
fu,climate change,82,11.020000000298023,500,2.649467945098877,1502
fu,climate change,83,6.716666667411725,500,2.649467945098877,1502
fu,climate change,84,10.0,500,2.649467945098877,1502
fu,climate change,85,10.000000000000002,500,2.649467945098877,1502
fu,climate change,86,10.0,500,2.649467945098877,1502
fu,climate change,87,0.10000000149011615,500,2.649467945098877,1502
fu,climate change,88,13.366666667163374,500,2.649467945098877,1502
fu,climate change,89,10.0,500,2.649467945098877,1502
fu,climate change,90,16.666666666666664,500,2.649467945098877,1502
fu,climate change,91,11.360000000397365,500,2.649467945098877,1502
fu,climate change,92,10.029997867043171,500,2.649467945098877,1502
fu,climate change,93,10.029997867043171,500,2.649467945098877,1502
fu,climate change,94,10.050000000745058,500,2.649467945098877,1502
fu,climate change,95,10.050000000745058,500,2.649467945098877,1502
fu,climate change,96,10.01666666691502,500,2.649467945098877,1502
fu,climate change,97,10.01666666691502,500,2.649467945098877,1502
fu,climate change,98,15.0,500,2.649467945098877,1502
fu,climate change,99,8.366666667163372,500,2.649467945098877,1502
fu,climate change,100,8.366666667163372,500,2.649467945098877,1502
fu,climate change,101,5.050000000745058,500,2.649467945098877,1502
fu,climate change,102,11.683333333581686,500,2.649467945098877,1502
fu,climate change,103,11.683333333581686,500,2.649467945098877,1502
fu,climate change,104,8.91111111144225,500,2.649467945098877,1502
fu,climate change,105,13.333333333333334,500,2.649467945098877,1502
fu,climate change,106,20.0,500,2.649467945098877,1502
fu,climate change,107,10.0,500,2.649467945098877,1502
fu,climate change,108,10.81600000023842,500,2.649467945098877,1502
fu,climate change,109,14.0,500,2.649467945098877,1502
fu,climate change,110,20.0,500,2.649467945098877,1502
fu,climate change,111,16.0,500,2.649467945098877,1502
fu,climate change,112,4.060000000894069,500,2.649467945098877,1502
fu,climate change,113,10.029997867043171,500,2.649467945098877,1502
fu,climate change,114,10.029997867043171,500,2.649467945098877,1502
fu,climate change,115,10.050000000745058,500,2.649467945098877,1502
fu,climate change,116,13.366666667163374,500,2.649467945098877,1502
fu,climate change,117,10.000000000000002,500,2.649467945098877,1502
fu,climate change,118,10.0,500,2.649467945098877,1502
fu,climate change,119,20.0,500,2.649467945098877,1502
fu,climate change,120,12.040000000596049,500,2.649467945098877,1502
fu,climate change,121,10.0,500,2.649467945098877,1502
fu,climate change,122,12.512500000186265,500,2.649467945098877,1502
fu,climate change,123,12.512500000186265,500,2.649467945098877,1502
fu,climate change,124,7.5375000005587935,500,2.649467945098877,1502
fu,climate change,125,16.0,500,2.649467945098877,1502
fu,climate change,126,20.0,500,2.649467945098877,1502
fu,climate change,127,0.10000000149011615,500,2.649467945098877,1502
fu,climate change,128,8.836000000536442,500,2.649467945098877,1502
fu,climate change,129,8.06000000089407,500,2.649467945098877,1502
fu,climate change,130,0.10000000149011615,500,2.649467945098877,1502
fu,climate change,131,10.000000000000002,500,2.649467945098877,1502
fu,climate change,132,10.0,500,2.649467945098877,1502
fu,climate change,133,0.10000000149011615,500,2.649467945098877,1502
fu,climate change,134,15.0,500,2.649467945098877,1502
fu,climate change,135,5.050000000745058,500,2.649467945098877,1502
fu,climate change,136,5.050000000745058,500,2.649467945098877,1502
fu,climate change,137,7.5375000005587935,500,2.649467945098877,1502
fu,climate change,138,7.5375000005587935,500,2.649467945098877,1502
fu,climate change,139,12.512500000186265,500,2.649467945098877,1502
fu,climate change,140,10.0,500,2.649467945098877,1502
fu,climate change,141,10.0,500,2.649467945098877,1502
fu,climate change,142,8.06000000089407,500,2.649467945098877,1502
fu,climate change,143,17.499999999999996,500,2.649467945098877,1502
fu,climate change,144,12.499999999999998,500,2.649467945098877,1502
fu,climate change,145,7.525000000372527,500,2.649467945098877,1502
fu,climate change,146,10.841666666790841,500,2.649467945098877,1502
fu,climate change,147,7.525000000372527,500,2.649467945098877,1502
fu,climate change,148,2.5750000011175875,500,2.649467945098877,1502
fu,climate change,149,3.4000000009934115,500,2.649467945098877,1502
fu,climate change,150,10.0,500,2.649467945098877,1502
fu,climate change,151,10.000000000000002,500,2.649467945098877,1502
fu,climate change,152,7.8222222228844975,500,2.649467945098877,1502
fu,climate change,153,10.0,500,2.649467945098877,1502
fu,climate change,154,10.0,500,2.649467945098877,1502
fu,climate change,155,11.25625000009313,500,2.649467945098877,1502
fu,climate change,156,13.768750000279393,500,2.649467945098877,1502
fu,climate change,157,6.30625000083819,500,2.649467945098877,1502
fu,climate change,158,8.040000000596049,500,2.649467945098877,1502
fu,climate change,159,16.0,500,2.649467945098877,1502
fu,climate change,160,20.0,500,2.649467945098877,1502
fu,climate change,161,8.358333333705861,500,2.649467945098877,1502
fu,climate change,162,5.075000001117587,500,2.649467945098877,1502
fu,climate change,163,15.025000000372529,500,2.649467945098877,1502
fu,climate change,164,14.0,500,2.649467945098877,1502
fu,climate change,165,10.0,500,2.649467945098877,1502
fu,climate change,166,10.0,500,2.649467945098877,1502
fu,climate change,167,10.050000000745058,500,2.649467945098877,1502
fu,climate change,168,10.050000000745058,500,2.649467945098877,1502
fu,climate change,169,10.0,500,2.649467945098877,1502
fu,climate change,170,10.0,500,2.649467945098877,1502
fu,climate change,171,5.075000001117587,500,2.649467945098877,1502
fu,climate change,172,15.025000000372529,500,2.649467945098877,1502
fu,climate change,173,15.025000000372529,500,2.649467945098877,1502
fu,climate change,174,5.075000001117587,500,2.649467945098877,1502
fu,climate change,175,10.0,500,2.649467945098877,1502
fu,climate change,176,10.0,500,2.649467945098877,1502
fu,climate change,177,3.4000000009934115,500,2.649467945098877,1502
fu,climate change,178,8.706666667262715,500,2.649467945098877,1502
fu,climate change,179,10.0,500,2.649467945098877,1502
fu,climate change,180,10.0,500,2.649467945098877,1502
fu,climate change,181,10.050000000745058,500,2.649467945098877,1502
fu,climate change,182,14.0,500,2.649467945098877,1502
fu,climate change,183,6.040000000596048,500,2.649467945098877,1502
fu,climate change,184,10.0,500,2.649467945098877,1502
fu,climate change,185,10.025000000372529,500,2.649467945098877,1502
fu,climate change,186,10.025000000372529,500,2.649467945098877,1502
fu,climate change,187,10.025000000372529,500,2.649467945098877,1502
fu,climate change,188,16.666666666666664,500,2.649467945098877,1502
fu,climate change,189,11.360000000397365,500,2.649467945098877,1502
fu,climate change,190,10.0,500,2.649467945098877,1502
fu,climate change,191,10.012500000186265,500,2.649467945098877,1502
fu,climate change,192,10.037500000558794,500,2.649467945098877,1502
fu,climate change,193,10.037500000558794,500,2.649467945098877,1502
fu,climate change,194,15.025000000372529,500,2.649467945098877,1502
fu,climate change,195,10.000000000000002,500,2.649467945098877,1502
fu,climate change,196,10.0,500,2.649467945098877,1502
fu,climate change,197,9.183333333581686,500,2.649467945098877,1502
fu,climate change,198,12.499999999999998,500,2.649467945098877,1502
fu,climate change,199,17.499999999999996,500,2.649467945098877,1502
fu,climate change,200,5.050000000745058,500,2.649467945098877,1502
fu,climate change,201,11.683333333581686,500,2.649467945098877,1502
fu,climate change,202,11.683333333581686,500,2.649467945098877,1502
fu,climate change,203,17.499999999999996,500,2.649467945098877,1502
fu,climate change,204,7.550000000745058,500,2.649467945098877,1502
fu,climate change,205,9.183333333581686,500,2.649467945098877,1502
fu,climate change,206,10.033333333830038,500,2.649467945098877,1502
fu,climate change,207,10.033333333830038,500,2.649467945098877,1502
fu,climate change,208,10.0,500,2.649467945098877,1502
fu,climate change,209,10.0,500,2.649467945098877,1502
fu,climate change,210,10.0,500,2.649467945098877,1502
fu,climate change,211,6.733333334326745,500,2.649467945098877,1502
fu,climate change,212,10.019999736662609,500,2.649467945098877,1502
fu,climate change,213,10.019999736662609,500,2.649467945098877,1502
fu,climate change,214,10.0,500,2.649467945098877,1502
fu,climate change,215,10.0,500,2.649467945098877,1502
fu,climate change,216,10.0,500,2.649467945098877,1502
fu,climate change,217,20.0,500,2.649467945098877,1502
fu,climate change,218,9.224000000357629,500,2.649467945098877,1502
fu,climate change,219,6.040000000596048,500,2.649467945098877,1502
fu,climate change,220,10.0,500,2.649467945098877,1502
fu,climate change,221,10.050000000745058,500,2.649467945098877,1502
fu,climate change,222,10.050000000745058,500,2.649467945098877,1502
fu,climate change,223,10.029997867043171,500,2.649467945098877,1502
fu,climate change,224,7.045000000670552,500,2.649467945098877,1502
fu,climate change,225,13.015000000223518,500,2.649467945098877,1502
fu,climate change,226,15.025000000372529,500,2.649467945098877,1502
fu,climate change,227,10.025000000372529,500,2.649467945098877,1502
fu,climate change,228,10.025000000372529,500,2.649467945098877,1502
fu,climate change,229,10.025000000372529,500,2.649467945098877,1502
fu,climate change,230,10.050000000745058,500,2.649467945098877,1502
fu,climate change,231,10.01666666691502,500,2.649467945098877,1502
fu,climate change,232,10.01666666691502,500,2.649467945098877,1502
fu,climate change,233,10.000000000000002,500,2.649467945098877,1502
fu,climate change,234,10.0,500,2.649467945098877,1502
fu,climate change,235,8.030000000447036,500,2.649467945098877,1502
fu,climate change,236,4.060000000894069,500,2.649467945098877,1502
fu,climate change,237,0.10000000149011615,500,2.649467945098877,1502
fu,climate change,238,13.366666667163374,500,2.649467945098877,1502
fu,climate change,239,6.040000000596048,500,2.649467945098877,1502
fu,climate change,240,9.224000000357629,500,2.649467945098877,1502
fu,climate change,241,10.0,500,2.649467945098877,1502
fu,climate change,242,10.0,500,2.649467945098877,1502
fu,climate change,243,10.0,500,2.649467945098877,1502
fu,climate change,244,6.733333334326745,500,2.649467945098877,1502
fu,climate change,245,17.499999999999996,500,2.649467945098877,1502
fu,climate change,246,12.499999999999998,500,2.649467945098877,1502
fu,climate change,247,9.183333333581686,500,2.649467945098877,1502
fu,climate change,248,10.050000000745058,500,2.649467945098877,1502
fu,climate change,249,10.050000000745058,500,2.649467945098877,1502
fu,climate change,250,10.01666666691502,500,2.649467945098877,1502
fu,climate change,251,17.499999999999996,500,2.649467945098877,1502
fu,climate change,252,12.499999999999998,500,2.649467945098877,1502
fu,climate change,253,9.183333333581686,500,2.649467945098877,1502
fu,climate change,254,10.033333333830038,500,2.649467945098877,1502
fu,climate change,255,10.0,500,2.649467945098877,1502
fu,climate change,256,10.0,500,2.649467945098877,1502
fu,climate change,257,7.525000000372527,500,2.649467945098877,1502
fu,climate change,258,10.841666666790841,500,2.649467945098877,1502
fu,climate change,259,12.525000000372527,500,2.649467945098877,1502
fu,climate change,260,10.019999736662609,500,2.649467945098877,1502
fu,climate change,261,10.0,500,2.649467945098877,1502
fu,climate change,262,10.0,500,2.649467945098877,1502
fu,climate change,263,5.075000001117587,500,2.649467945098877,1502
fu,climate change,264,15.025000000372529,500,2.649467945098877,1502
fu,climate change,265,11.675000000124175,500,2.649467945098877,1502
fu,climate change,266,5.050000000745058,500,2.649467945098877,1502
fu,climate change,267,9.030000000447036,500,2.649467945098877,1502
fu,climate change,268,9.030000000447036,500,2.649467945098877,1502
fu,climate change,269,7.045000000670552,500,2.649467945098877,1502
fu,climate change,270,5.075000001117587,500,2.649467945098877,1502
fu,climate change,271,15.025000000372529,500,2.649467945098877,1502
fu,climate change,272,9.183333333581686,500,2.649467945098877,1502
fu,climate change,273,12.499999999999998,500,2.649467945098877,1502
fu,climate change,274,17.499999999999996,500,2.649467945098877,1502
fu,climate change,275,16.666666666666664,500,2.649467945098877,1502
fu,climate change,276,11.360000000397365,500,2.649467945098877,1502
fu,climate change,277,10.0,500,2.649467945098877,1502
fu,climate change,278,13.768750000279393,500,2.649467945098877,1502
fu,climate change,279,11.25625000009313,500,2.649467945098877,1502
fu,climate change,280,8.768750000279397,500,2.649467945098877,1502
fu,climate change,281,10.01666666691502,500,2.649467945098877,1502
fu,climate change,282,10.01666666691502,500,2.649467945098877,1502
fu,climate change,283,10.050000000745058,500,2.649467945098877,1502
fu,climate change,284,17.499999999999996,500,2.649467945098877,1502
fu,climate change,285,12.499999999999998,500,2.649467945098877,1502
fu,climate change,286,10.510000000149011,500,2.649467945098877,1502
fu,climate change,287,3.4000000009934115,500,2.649467945098877,1502
fu,climate change,288,12.244444444775581,500,2.649467945098877,1502
fu,climate change,289,10.000000000000002,500,2.649467945098877,1502
fu,climate change,290,10.0,500,2.649467945098877,1502
fu,climate change,291,16.666666666666664,500,2.649467945098877,1502
fu,climate change,292,3.4000000009934115,500,2.649467945098877,1502
fu,climate change,293,15.0,500,2.649467945098877,1502
fu,climate change,294,11.020000000298023,500,2.649467945098877,1502
fu,climate change,295,11.020000000298023,500,2.649467945098877,1502
fu,climate change,296,0.10000000149011615,500,2.649467945098877,1502
fu,climate change,297,8.06000000089407,500,2.649467945098877,1502
fu,climate change,298,10.0,500,2.649467945098877,1502
fu,climate change,299,10.019999736662609,500,2.649467945098877,1502
fu,climate change,300,10.019999736662609,500,2.649467945098877,1502
fu,climate change,301,10.0,500,2.649467945098877,1502
fu,climate change,302,7.5375000005587935,500,2.649467945098877,1502
fu,climate change,303,12.512500000186265,500,2.649467945098877,1502
fu,climate change,304,12.512500000186265,500,2.649467945098877,1502
fu,climate change,305,0.10000000149011615,500,2.649467945098877,1502
fu,climate change,306,20.0,500,2.649467945098877,1502
fu,climate change,307,16.0,500,2.649467945098877,1502
fu,climate change,308,10.050000000745058,500,2.649467945098877,1502
fu,climate change,309,10.029997867043171,500,2.649467945098877,1502
fu,climate change,310,10.029997867043171,500,2.649467945098877,1502
fu,climate change,311,10.019999736662609,500,2.649467945098877,1502
fu,climate change,312,10.0,500,2.649467945098877,1502
fu,climate change,313,10.0,500,2.649467945098877,1502
fu,climate change,314,10.050000000745058,500,2.649467945098877,1502
fu,climate change,315,10.01666666691502,500,2.649467945098877,1502
fu,climate change,316,10.01666666691502,500,2.649467945098877,1502
fu,climate change,317,15.0,500,2.649467945098877,1502
fu,climate change,318,8.366666667163372,500,2.649467945098877,1502
fu,climate change,319,8.366666667163372,500,2.649467945098877,1502
fu,climate change,320,7.5375000005587935,500,2.649467945098877,1502
fu,climate change,321,7.5375000005587935,500,2.649467945098877,1502
fu,climate change,322,12.512500000186265,500,2.649467945098877,1502
fu,climate change,323,10.0,500,2.649467945098877,1502
fu,climate change,324,9.224000000357629,500,2.649467945098877,1502
fu,climate change,325,6.040000000596048,500,2.649467945098877,1502
fu,climate change,326,10.0,500,2.649467945098877,1502
fu,climate change,327,16.666666666666664,500,2.649467945098877,1502
fu,climate change,328,3.4000000009934115,500,2.649467945098877,1502
fu,climate change,329,10.033333333830038,500,2.649467945098877,1502
fu,climate change,330,10.033333333830038,500,2.649467945098877,1502
fu,climate change,331,10.0,500,2.649467945098877,1502
fu,climate change,332,10.012500000186265,500,2.649467945098877,1502
fu,climate change,333,10.037500000558794,500,2.649467945098877,1502
fu,climate change,334,10.037500000558794,500,2.649467945098877,1502
fu,climate change,335,10.0,500,2.649467945098877,1502
fu,climate change,336,7.8222222228844975,500,2.649467945098877,1502
fu,climate change,337,16.666666666666664,500,2.649467945098877,1502
fu,climate change,338,8.358333333705861,500,2.649467945098877,1502
fu,climate change,339,5.075000001117587,500,2.649467945098877,1502
fu,climate change,340,15.025000000372529,500,2.649467945098877,1502
fu,climate change,341,8.06000000089407,500,2.649467945098877,1502
fu,climate change,342,9.353333333631355,500,2.649467945098877,1502
fu,climate change,343,6.700000000496705,500,2.649467945098877,1502
fu,climate change,344,12.525000000372527,500,2.649467945098877,1502
fu,climate change,345,2.5750000011175875,500,2.649467945098877,1502
fu,climate change,346,7.525000000372527,500,2.649467945098877,1502
fu,climate change,347,0.10000000149011615,500,2.649467945098877,1502
fu,climate change,348,13.366666667163374,500,2.649467945098877,1502
fu,climate change,349,12.020000000298023,500,2.649467945098877,1502
fu,climate change,350,10.0,500,2.649467945098877,1502
fu,climate change,351,10.019999736662609,500,2.649467945098877,1502
fu,climate change,352,10.019999736662609,500,2.649467945098877,1502
fu,climate change,353,12.525000000372527,500,2.649467945098877,1502
fu,climate change,354,2.5750000011175875,500,2.649467945098877,1502
fu,climate change,355,7.525000000372527,500,2.649467945098877,1502
fu,climate change,356,10.01666666691502,500,2.649467945098877,1502
fu,climate change,357,10.01666666691502,500,2.649467945098877,1502
fu,climate change,358,10.050000000745058,500,2.649467945098877,1502
fu,climate change,359,10.0,500,2.649467945098877,1502
fu,climate change,360,10.0,500,2.649467945098877,1502
fu,climate change,361,10.019999736662609,500,2.649467945098877,1502
fu,climate change,362,10.0,500,2.649467945098877,1502
fu,climate change,363,10.033333333830038,500,2.649467945098877,1502
fu,climate change,364,10.033333333830038,500,2.649467945098877,1502
fu,climate change,365,15.0,500,2.649467945098877,1502
fu,climate change,366,8.366666667163372,500,2.649467945098877,1502
fu,climate change,367,8.366666667163372,500,2.649467945098877,1502
fu,climate change,368,10.81600000023842,500,2.649467945098877,1502
fu,climate change,369,14.0,500,2.649467945098877,1502
fu,climate change,370,10.0,500,2.649467945098877,1502
fu,climate change,371,7.525000000372527,500,2.649467945098877,1502
fu,climate change,372,2.5750000011175875,500,2.649467945098877,1502
fu,climate change,373,12.525000000372527,500,2.649467945098877,1502
fu,climate change,374,10.0,500,2.649467945098877,1502
fu,climate change,375,6.040000000596048,500,2.649467945098877,1502
fu,climate change,376,11.34666666686535,500,2.649467945098877,1502
fu,climate change,377,13.366666667163374,500,2.649467945098877,1502
fu,climate change,378,10.000000000000002,500,2.649467945098877,1502
fu,climate change,379,10.0,500,2.649467945098877,1502
fu,climate change,380,10.000000000000002,500,2.649467945098877,1502
fu,climate change,381,13.350000000248352,500,2.649467945098877,1502
fu,climate change,382,6.716666667411725,500,2.649467945098877,1502
fu,climate change,383,12.040000000596049,500,2.649467945098877,1502
fu,climate change,384,20.0,500,2.649467945098877,1502
fu,climate change,385,16.0,500,2.649467945098877,1502
fu,climate change,386,10.025000000372529,500,2.649467945098877,1502
fu,climate change,387,10.025000000372529,500,2.649467945098877,1502
fu,climate change,388,10.025000000372529,500,2.649467945098877,1502
fu,climate change,389,5.050000000745058,500,2.649467945098877,1502
fu,climate change,390,5.050000000745058,500,2.649467945098877,1502
fu,climate change,391,15.0,500,2.649467945098877,1502
fu,climate change,392,17.499999999999996,500,2.649467945098877,1502
fu,climate change,393,12.499999999999998,500,2.649467945098877,1502
fu,climate change,394,10.510000000149011,500,2.649467945098877,1502
fu,climate change,395,6.30625000083819,500,2.649467945098877,1502
fu,climate change,396,8.768750000279397,500,2.649467945098877,1502
fu,climate change,397,11.25625000009313,500,2.649467945098877,1502
fu,climate change,398,10.0,500,2.649467945098877,1502
fu,climate change,399,10.050000000745058,500,2.649467945098877,1502
fu,climate change,400,10.050000000745058,500,2.649467945098877,1502
fu,climate change,401,20.0,500,2.649467945098877,1502
fu,climate change,402,0.10000000149011615,500,2.649467945098877,1502
fu,climate change,403,4.060000000894069,500,2.649467945098877,1502
fu,climate change,404,8.06000000089407,500,2.649467945098877,1502
fu,climate change,405,0.10000000149011615,500,2.649467945098877,1502
fu,climate change,406,4.060000000894069,500,2.649467945098877,1502
fu,climate change,407,13.768750000279393,500,2.649467945098877,1502
fu,climate change,408,11.25625000009313,500,2.649467945098877,1502
fu,climate change,409,8.768750000279397,500,2.649467945098877,1502
fu,climate change,410,10.0,500,2.649467945098877,1502
fu,climate change,411,10.0,500,2.649467945098877,1502
fu,climate change,412,16.666666666666664,500,2.649467945098877,1502
fu,climate change,413,10.0,500,2.649467945098877,1502
fu,climate change,414,16.666666666666664,500,2.649467945098877,1502
fu,climate change,415,11.360000000397365,500,2.649467945098877,1502
fu,climate change,416,10.029997867043171,500,2.649467945098877,1502
fu,climate change,417,10.029997867043171,500,2.649467945098877,1502
fu,climate change,418,10.050000000745058,500,2.649467945098877,1502
fu,climate change,419,10.000000000000002,500,2.649467945098877,1502
fu,climate change,420,12.010000000149011,500,2.649467945098877,1502
fu,climate change,421,8.030000000447036,500,2.649467945098877,1502
fu,climate change,422,10.0,500,2.649467945098877,1502
fu,climate change,423,12.040000000596049,500,2.649467945098877,1502
fu,climate change,424,20.0,500,2.649467945098877,1502
fu,climate change,425,20.0,500,2.649467945098877,1502
fu,climate change,426,0.10000000149011615,500,2.649467945098877,1502
fu,climate change,427,6.700000000496705,500,2.649467945098877,1502
fu,climate change,428,16.0,500,2.649467945098877,1502
fu,climate change,429,20.0,500,2.649467945098877,1502
fu,climate change,430,12.040000000596049,500,2.649467945098877,1502
fu,climate change,431,10.012500000186265,500,2.649467945098877,1502
fu,climate change,432,10.012500000186265,500,2.649467945098877,1502
fu,climate change,433,10.037500000558794,500,2.649467945098877,1502
fu,climate change,434,10.0,500,2.649467945098877,1502
fu,climate change,435,10.0,500,2.649467945098877,1502
fu,climate change,436,0.10000000149011615,500,2.649467945098877,1502
fu,climate change,437,15.025000000372529,500,2.649467945098877,1502
fu,climate change,438,10.000000000000002,500,2.649467945098877,1502
fu,climate change,439,10.0,500,2.649467945098877,1502
fu,climate change,440,7.5375000005587935,500,2.649467945098877,1502
fu,climate change,441,7.5375000005587935,500,2.649467945098877,1502
fu,climate change,442,12.512500000186265,500,2.649467945098877,1502
fu,climate change,443,7.5375000005587935,500,2.649467945098877,1502
fu,climate change,444,12.512500000186265,500,2.649467945098877,1502
fu,climate change,445,12.512500000186265,500,2.649467945098877,1502
fu,climate change,446,8.06000000089407,500,2.649467945098877,1502
fu,climate change,447,10.0,500,2.649467945098877,1502
fu,climate change,448,10.0,500,2.649467945098877,1502
fu,climate change,449,12.040000000596049,500,2.649467945098877,1502
fu,climate change,450,20.0,500,2.649467945098877,1502
fu,climate change,451,10.0,500,2.649467945098877,1502
fu,climate change,452,10.000000000000002,500,2.649467945098877,1502
fu,climate change,453,12.244444444775581,500,2.649467945098877,1502
fu,climate change,454,3.4000000009934115,500,2.649467945098877,1502
fu,climate change,455,8.358333333705861,500,2.649467945098877,1502
fu,climate change,456,5.075000001117587,500,2.649467945098877,1502
fu,climate change,457,15.025000000372529,500,2.649467945098877,1502
fu,climate change,458,4.060000000894069,500,2.649467945098877,1502
fu,climate change,459,16.0,500,2.649467945098877,1502
fu,climate change,460,20.0,500,2.649467945098877,1502
fu,climate change,461,10.0,500,2.649467945098877,1502
fu,climate change,462,10.0,500,2.649467945098877,1502
fu,climate change,463,10.050000000745058,500,2.649467945098877,1502
fu,climate change,464,10.033333333830038,500,2.649467945098877,1502
fu,climate change,465,10.0,500,2.649467945098877,1502
fu,climate change,466,10.0,500,2.649467945098877,1502
fu,climate change,467,4.060000000894069,500,2.649467945098877,1502
fu,climate change,468,0.10000000149011615,500,2.649467945098877,1502
fu,climate change,469,20.0,500,2.649467945098877,1502
fu,climate change,470,8.545000000670552,500,2.649467945098877,1502
fu,climate change,471,2.5750000011175875,500,2.649467945098877,1502
fu,climate change,472,7.525000000372527,500,2.649467945098877,1502
fu,climate change,473,14.0,500,2.649467945098877,1502
fu,climate change,474,10.0,500,2.649467945098877,1502
fu,climate change,475,10.0,500,2.649467945098877,1502
fu,climate change,476,10.0,500,2.649467945098877,1502
fu,climate change,477,10.0,500,2.649467945098877,1502
fu,climate change,478,10.019999736662609,500,2.649467945098877,1502
fu,climate change,479,10.033333333830038,500,2.649467945098877,1502
fu,climate change,480,10.033333333830038,500,2.649467945098877,1502
fu,climate change,481,10.0,500,2.649467945098877,1502
fu,climate change,482,10.0,500,2.649467945098877,1502
fu,climate change,483,20.0,500,2.649467945098877,1502
fu,climate change,484,0.10000000149011615,500,2.649467945098877,1502
fu,climate change,485,0.10000000149011615,500,2.649467945098877,1502
fu,climate change,486,6.700000000496705,500,2.649467945098877,1502
fu,climate change,487,11.12222222238779,500,2.649467945098877,1502
fu,climate change,488,8.06000000089407,500,2.649467945098877,1502
fu,climate change,489,0.10000000149011615,500,2.649467945098877,1502
fu,climate change,490,10.0,500,2.649467945098877,1502
fu,climate change,491,11.020000000298023,500,2.649467945098877,1502
fu,climate change,492,11.020000000298023,500,2.649467945098877,1502
fu,climate change,493,15.0,500,2.649467945098877,1502
fu,climate change,494,15.0,500,2.649467945098877,1502
fu,climate change,495,15.0,500,2.649467945098877,1502
fu,climate change,496,8.366666667163372,500,2.649467945098877,1502
fu,climate change,497,10.0,500,2.649467945098877,1502
fu,climate change,498,10.0,500,2.649467945098877,1502
fu,climate change,499,10.033333333830038,500,2.649467945098877,1502
fu,climate change,500,0.10000000149011615,500,2.649467945098877,1502
fu,climate change,501,4.060000000894069,500,2.649467945098877,1502
fu,climate change,502,16.0,500,2.649467945098877,1502
fu,climate change,503,15.0,500,2.649467945098877,1502
fu,climate change,504,8.366666667163372,500,2.649467945098877,1502
fu,climate change,505,8.366666667163372,500,2.649467945098877,1502
fu,climate change,506,6.30625000083819,500,2.649467945098877,1502
fu,climate change,507,8.768750000279397,500,2.649467945098877,1502
fu,climate change,508,11.25625000009313,500,2.649467945098877,1502
fu,climate change,509,13.768750000279393,500,2.649467945098877,1502
fu,climate change,510,6.30625000083819,500,2.649467945098877,1502
fu,climate change,511,8.768750000279397,500,2.649467945098877,1502
fu,climate change,512,10.033333333830038,500,2.649467945098877,1502
fu,climate change,513,10.033333333830038,500,2.649467945098877,1502
fu,climate change,514,10.0,500,2.649467945098877,1502
fu,climate change,515,3.4000000009934115,500,2.649467945098877,1502
fu,climate change,516,10.0,500,2.649467945098877,1502
fu,climate change,517,10.0,500,2.649467945098877,1502
fu,climate change,518,7.525000000372527,500,2.649467945098877,1502
fu,climate change,519,12.499999999999998,500,2.649467945098877,1502
fu,climate change,520,17.499999999999996,500,2.649467945098877,1502
fu,climate change,521,15.025000000372529,500,2.649467945098877,1502
fu,climate change,522,10.000000000000002,500,2.649467945098877,1502
fu,climate change,523,10.0,500,2.649467945098877,1502
fu,climate change,524,10.0,500,2.649467945098877,1502
fu,climate change,525,10.0,500,2.649467945098877,1502
fu,climate change,526,14.0,500,2.649467945098877,1502
fu,climate change,527,7.045000000670552,500,2.649467945098877,1502
fu,climate change,528,5.075000001117587,500,2.649467945098877,1502
fu,climate change,529,15.025000000372529,500,2.649467945098877,1502
fu,climate change,530,4.060000000894069,500,2.649467945098877,1502
fu,climate change,531,8.836000000536442,500,2.649467945098877,1502
fu,climate change,532,8.06000000089407,500,2.649467945098877,1502
fu,climate change,533,15.0,500,2.649467945098877,1502
fu,climate change,534,11.020000000298023,500,2.649467945098877,1502
fu,climate change,535,11.020000000298023,500,2.649467945098877,1502
fu,climate change,536,14.0,500,2.649467945098877,1502
fu,climate change,537,8.693333333730699,500,2.649467945098877,1502
fu,climate change,538,10.0,500,2.649467945098877,1502
fu,climate change,539,7.5375000005587935,500,2.649467945098877,1502
fu,climate change,540,7.5375000005587935,500,2.649467945098877,1502
fu,climate change,541,12.512500000186265,500,2.649467945098877,1502
fu,climate change,542,12.499999999999998,500,2.649467945098877,1502
fu,climate change,543,7.525000000372527,500,2.649467945098877,1502
fu,climate change,544,2.5750000011175875,500,2.649467945098877,1502
fu,climate change,545,12.040000000596049,500,2.649467945098877,1502
fu,climate change,546,10.680000000198683,500,2.649467945098877,1502
fu,climate change,547,13.333333333333334,500,2.649467945098877,1502
fu,climate change,548,10.0,500,2.649467945098877,1502
fu,climate change,549,10.033333333830038,500,2.649467945098877,1502
fu,climate change,550,10.033333333830038,500,2.649467945098877,1502
fu,climate change,551,13.350000000248352,500,2.649467945098877,1502
fu,climate change,552,6.716666667411725,500,2.649467945098877,1502
fu,climate change,553,10.0,500,2.649467945098877,1502
fu,climate change,554,10.0,500,2.649467945098877,1502
fu,climate change,555,10.0,500,2.649467945098877,1502
fu,climate change,556,14.0,500,2.649467945098877,1502
fu,climate change,557,15.025000000372529,500,2.649467945098877,1502
fu,climate change,558,11.675000000124175,500,2.649467945098877,1502
fu,climate change,559,8.358333333705861,500,2.649467945098877,1502
fu,climate change,560,10.0,500,2.649467945098877,1502
fu,climate change,561,10.0,500,2.649467945098877,1502
fu,climate change,562,20.0,500,2.649467945098877,1502
fu,climate change,563,10.012500000186265,500,2.649467945098877,1502
fu,climate change,564,10.012500000186265,500,2.649467945098877,1502
fu,climate change,565,10.037500000558794,500,2.649467945098877,1502
fu,climate change,566,6.733333334326745,500,2.649467945098877,1502
fu,climate change,567,8.040000000596049,500,2.649467945098877,1502
fu,climate change,568,16.0,500,2.649467945098877,1502
fu,climate change,569,20.0,500,2.649467945098877,1502
fu,climate change,570,0.10000000149011615,500,2.649467945098877,1502
fu,climate change,571,4.060000000894069,500,2.649467945098877,1502
fu,climate change,572,6.733333334326745,500,2.649467945098877,1502
fu,climate change,573,8.040000000596049,500,2.649467945098877,1502
fu,climate change,574,16.0,500,2.649467945098877,1502
fu,climate change,575,12.040000000596049,500,2.649467945098877,1502
fu,climate change,576,10.680000000198683,500,2.649467945098877,1502
fu,climate change,577,13.333333333333334,500,2.649467945098877,1502
fu,climate change,578,10.0,500,2.649467945098877,1502
fu,climate change,579,3.4000000009934115,500,2.649467945098877,1502
fu,climate change,580,8.706666667262715,500,2.649467945098877,1502
fu,climate change,581,6.733333334326745,500,2.649467945098877,1502
fu,climate change,582,10.0,500,2.649467945098877,1502
fu,climate change,583,10.0,500,2.649467945098877,1502
fu,climate change,584,0.10000000149011615,500,2.649467945098877,1502
fu,climate change,585,20.0,500,2.649467945098877,1502
fu,climate change,586,10.0,500,2.649467945098877,1502
fu,climate change,587,12.040000000596049,500,2.649467945098877,1502
fu,climate change,588,10.0,500,2.649467945098877,1502
fu,climate change,589,10.0,500,2.649467945098877,1502
fu,climate change,590,10.01666666691502,500,2.649467945098877,1502
fu,climate change,591,10.050000000745058,500,2.649467945098877,1502
fu,climate change,592,10.050000000745058,500,2.649467945098877,1502
fu,climate change,593,15.0,500,2.649467945098877,1502
fu,climate change,594,15.0,500,2.649467945098877,1502
fu,climate change,595,8.366666667163372,500,2.649467945098877,1502
fu,climate change,596,10.0,500,2.649467945098877,1502
fu,climate change,597,10.0,500,2.649467945098877,1502
fu,climate change,598,10.019999736662609,500,2.649467945098877,1502
fu,climate change,599,6.040000000596048,500,2.649467945098877,1502
fu,climate change,600,10.0,500,2.649467945098877,1502
fu,climate change,601,10.000000000000002,500,2.649467945098877,1502
fu,climate change,602,10.025000000372529,500,2.649467945098877,1502
fu,climate change,603,10.025000000372529,500,2.649467945098877,1502
fu,climate change,604,10.025000000372529,500,2.649467945098877,1502
fu,climate change,605,10.025000000372529,500,2.649467945098877,1502
fu,climate change,606,10.025000000372529,500,2.649467945098877,1502
fu,climate change,607,10.025000000372529,500,2.649467945098877,1502
fu,climate change,608,5.050000000745058,500,2.649467945098877,1502
fu,climate change,609,5.050000000745058,500,2.649467945098877,1502
fu,climate change,610,11.683333333581686,500,2.649467945098877,1502
fu,climate change,611,8.030000000447036,500,2.649467945098877,1502
fu,climate change,612,10.0,500,2.649467945098877,1502
fu,climate change,613,10.000000000000002,500,2.649467945098877,1502
fu,climate change,614,6.733333334326745,500,2.649467945098877,1502
fu,climate change,615,8.91111111144225,500,2.649467945098877,1502
fu,climate change,616,13.333333333333334,500,2.649467945098877,1502
fu,climate change,617,10.0,500,2.649467945098877,1502
fu,climate change,618,3.4000000009934115,500,2.649467945098877,1502
fu,climate change,619,16.666666666666664,500,2.649467945098877,1502
fu,climate change,620,8.358333333705861,500,2.649467945098877,1502
fu,climate change,621,11.675000000124175,500,2.649467945098877,1502
fu,climate change,622,15.025000000372529,500,2.649467945098877,1502
fu,climate change,623,20.0,500,2.649467945098877,1502
fu,climate change,624,0.10000000149011615,500,2.649467945098877,1502
fu,climate change,625,4.060000000894069,500,2.649467945098877,1502
fu,climate change,626,10.000000000000002,500,2.649467945098877,1502
fu,climate change,627,10.0,500,2.649467945098877,1502
fu,climate change,628,6.716666667411725,500,2.649467945098877,1502
fu,climate change,629,11.683333333581686,500,2.649467945098877,1502
fu,climate change,630,5.050000000745058,500,2.649467945098877,1502
fu,climate change,631,5.050000000745058,500,2.649467945098877,1502
fu,climate change,632,5.050000000745058,500,2.649467945098877,1502
fu,climate change,633,5.050000000745058,500,2.649467945098877,1502
fu,climate change,634,11.683333333581686,500,2.649467945098877,1502
fu,climate change,635,10.025000000372529,500,2.649467945098877,1502
fu,climate change,636,10.025000000372529,500,2.649467945098877,1502
fu,climate change,637,10.025000000372529,500,2.649467945098877,1502
fu,climate change,638,11.020000000298023,500,2.649467945098877,1502
fu,climate change,639,15.0,500,2.649467945098877,1502
fu,climate change,640,15.0,500,2.649467945098877,1502
fu,climate change,641,10.0,500,2.649467945098877,1502
fu,climate change,642,3.4000000009934115,500,2.649467945098877,1502
fu,climate change,643,8.706666667262715,500,2.649467945098877,1502
fu,climate change,644,4.060000000894069,500,2.649467945098877,1502
fu,climate change,645,0.10000000149011615,500,2.649467945098877,1502
fu,climate change,646,20.0,500,2.649467945098877,1502
fu,climate change,647,8.358333333705861,500,2.649467945098877,1502
fu,climate change,648,11.675000000124175,500,2.649467945098877,1502
fu,climate change,649,15.025000000372529,500,2.649467945098877,1502
fu,climate change,650,0.10000000149011615,500,2.649467945098877,1502
fu,climate change,651,6.700000000496705,500,2.649467945098877,1502
fu,climate change,652,11.12222222238779,500,2.649467945098877,1502
fu,climate change,653,9.183333333581686,500,2.649467945098877,1502
fu,climate change,654,12.499999999999998,500,2.649467945098877,1502
fu,climate change,655,17.499999999999996,500,2.649467945098877,1502
fu,climate change,656,10.050000000745058,500,2.649467945098877,1502
fu,climate change,657,10.029997867043171,500,2.649467945098877,1502
fu,climate change,658,10.029997867043171,500,2.649467945098877,1502
fu,climate change,659,10.01666666691502,500,2.649467945098877,1502
fu,climate change,660,10.01666666691502,500,2.649467945098877,1502
fu,climate change,661,10.050000000745058,500,2.649467945098877,1502
fu,climate change,662,10.0,500,2.649467945098877,1502
fu,climate change,663,20.0,500,2.649467945098877,1502
fu,climate change,664,12.040000000596049,500,2.649467945098877,1502
fu,climate change,665,13.366666667163374,500,2.649467945098877,1502
fu,climate change,666,0.10000000149011615,500,2.649467945098877,1502
fu,climate change,667,6.700000000496705,500,2.649467945098877,1502
fu,climate change,668,8.706666667262715,500,2.649467945098877,1502
fu,climate change,669,10.0,500,2.649467945098877,1502
fu,climate change,670,10.0,500,2.649467945098877,1502
fu,climate change,671,3.4000000009934115,500,2.649467945098877,1502
fu,climate change,672,12.244444444775581,500,2.649467945098877,1502
fu,climate change,673,10.000000000000002,500,2.649467945098877,1502
fu,climate change,674,12.512500000186265,500,2.649467945098877,1502
fu,climate change,675,7.5375000005587935,500,2.649467945098877,1502
fu,climate change,676,7.5375000005587935,500,2.649467945098877,1502
fu,climate change,677,10.025000000372529,500,2.649467945098877,1502
fu,climate change,678,10.025000000372529,500,2.649467945098877,1502
fu,climate change,679,10.025000000372529,500,2.649467945098877,1502
fu,climate change,680,6.700000000496705,500,2.649467945098877,1502
fu,climate change,681,0.10000000149011615,500,2.649467945098877,1502
fu,climate change,682,13.366666667163374,500,2.649467945098877,1502
fu,climate change,683,20.0,500,2.649467945098877,1502
fu,climate change,684,12.040000000596049,500,2.649467945098877,1502
fu,climate change,685,10.0,500,2.649467945098877,1502
fu,climate change,686,10.029997867043171,500,2.649467945098877,1502
fu,climate change,687,10.050000000745058,500,2.649467945098877,1502
fu,climate change,688,10.050000000745058,500,2.649467945098877,1502
fu,climate change,689,16.0,500,2.649467945098877,1502
fu,climate change,690,20.0,500,2.649467945098877,1502
fu,climate change,691,6.733333334326745,500,2.649467945098877,1502
fu,climate change,692,13.015000000223518,500,2.649467945098877,1502
fu,climate change,693,7.045000000670552,500,2.649467945098877,1502
fu,climate change,694,5.075000001117587,500,2.649467945098877,1502
fu,climate change,695,2.5750000011175875,500,2.649467945098877,1502
fu,climate change,696,7.525000000372527,500,2.649467945098877,1502
fu,climate change,697,9.515000000223518,500,2.649467945098877,1502
fu,climate change,698,8.06000000089407,500,2.649467945098877,1502
fu,climate change,699,0.10000000149011615,500,2.649467945098877,1502
fu,climate change,700,6.700000000496705,500,2.649467945098877,1502
fu,climate change,701,12.040000000596049,500,2.649467945098877,1502
fu,climate change,702,20.0,500,2.649467945098877,1502
fu,climate change,703,16.0,500,2.649467945098877,1502
fu,climate change,704,10.029997867043171,500,2.649467945098877,1502
fu,climate change,705,10.029997867043171,500,2.649467945098877,1502
fu,climate change,706,10.050000000745058,500,2.649467945098877,1502
fu,climate change,707,10.0,500,2.649467945098877,1502
fu,climate change,708,3.4000000009934115,500,2.649467945098877,1502
fu,climate change,709,16.666666666666664,500,2.649467945098877,1502
fu,climate change,710,10.050000000745058,500,2.649467945098877,1502
fu,climate change,711,10.0,500,2.649467945098877,1502
fu,climate change,712,10.0,500,2.649467945098877,1502
fu,climate change,713,12.040000000596049,500,2.649467945098877,1502
fu,climate change,714,10.680000000198683,500,2.649467945098877,1502
fu,climate change,715,13.333333333333334,500,2.649467945098877,1502
fu,climate change,716,10.0,500,2.649467945098877,1502
fu,climate change,717,10.050000000745058,500,2.649467945098877,1502
fu,climate change,718,10.050000000745058,500,2.649467945098877,1502
fu,climate change,719,8.366666667163372,500,2.649467945098877,1502
fu,climate change,720,8.366666667163372,500,2.649467945098877,1502
fu,climate change,721,15.0,500,2.649467945098877,1502
fu,climate change,722,11.683333333581686,500,2.649467945098877,1502
fu,climate change,723,11.683333333581686,500,2.649467945098877,1502
fu,climate change,724,5.050000000745058,500,2.649467945098877,1502
fu,climate change,725,12.010000000149011,500,2.649467945098877,1502
fu,climate change,726,8.030000000447036,500,2.649467945098877,1502
fu,climate change,727,10.0,500,2.649467945098877,1502
fu,climate change,728,5.050000000745058,500,2.649467945098877,1502
fu,climate change,729,11.683333333581686,500,2.649467945098877,1502
fu,climate change,730,11.683333333581686,500,2.649467945098877,1502
fu,climate change,731,10.025000000372529,500,2.649467945098877,1502
fu,climate change,732,10.025000000372529,500,2.649467945098877,1502
fu,climate change,733,10.025000000372529,500,2.649467945098877,1502
fu,climate change,734,11.12222222238779,500,2.649467945098877,1502
fu,climate change,735,13.366666667163374,500,2.649467945098877,1502
fu,climate change,736,0.10000000149011615,500,2.649467945098877,1502
fu,climate change,737,10.000000000000002,500,2.649467945098877,1502
fu,climate change,738,10.0,500,2.649467945098877,1502
fu,climate change,739,8.030000000447036,500,2.649467945098877,1502
fu,climate change,740,10.025000000372529,500,2.649467945098877,1502
fu,climate change,741,10.025000000372529,500,2.649467945098877,1502
fu,climate change,742,10.025000000372529,500,2.649467945098877,1502
fu,climate change,743,12.512500000186265,500,2.649467945098877,1502
fu,climate change,744,7.5375000005587935,500,2.649467945098877,1502
fu,climate change,745,7.5375000005587935,500,2.649467945098877,1502
fu,climate change,746,10.0,500,2.649467945098877,1502
fu,climate change,747,10.0,500,2.649467945098877,1502
fu,climate change,748,10.050000000745058,500,2.649467945098877,1502
fu,climate change,749,8.040000000596049,500,2.649467945098877,1502
fu,climate change,750,16.0,500,2.649467945098877,1502
fu,climate change,751,20.0,500,2.649467945098877,1502
fu,climate change,752,3.4000000009934115,500,2.649467945098877,1502
fu,climate change,753,16.666666666666664,500,2.649467945098877,1502
fu,climate change,754,10.0,500,2.649467945098877,1502
fu,climate change,755,10.029997867043171,500,2.649467945098877,1502
fu,climate change,756,10.050000000745058,500,2.649467945098877,1502
fu,climate change,757,10.050000000745058,500,2.649467945098877,1502
fu,climate change,758,2.5750000011175875,500,2.649467945098877,1502
fu,climate change,759,12.525000000372527,500,2.649467945098877,1502
fu,climate change,760,10.841666666790841,500,2.649467945098877,1502
fu,climate change,761,10.019999736662609,500,2.649467945098877,1502
fu,climate change,762,10.019999736662609,500,2.649467945098877,1502
fu,climate change,763,10.0,500,2.649467945098877,1502
fu,climate change,764,11.25625000009313,500,2.649467945098877,1502
fu,climate change,765,13.768750000279393,500,2.649467945098877,1502
fu,climate change,766,6.30625000083819,500,2.649467945098877,1502
fu,climate change,767,5.050000000745058,500,2.649467945098877,1502
fu,climate change,768,5.050000000745058,500,2.649467945098877,1502
fu,climate change,769,15.0,500,2.649467945098877,1502
fu,climate change,770,10.033333333830038,500,2.649467945098877,1502
fu,climate change,771,10.033333333830038,500,2.649467945098877,1502
fu,climate change,772,10.0,500,2.649467945098877,1502
fu,climate change,773,8.366666667163372,500,2.649467945098877,1502
fu,climate change,774,15.0,500,2.649467945098877,1502
fu,climate change,775,15.0,500,2.649467945098877,1502
fu,climate change,776,10.019999736662609,500,2.649467945098877,1502
fu,climate change,777,10.019999736662609,500,2.649467945098877,1502
fu,climate change,778,10.0,500,2.649467945098877,1502
fu,climate change,779,10.0,500,2.649467945098877,1502
fu,climate change,780,10.0,500,2.649467945098877,1502
fu,climate change,781,3.4000000009934115,500,2.649467945098877,1502
fu,climate change,782,9.224000000357629,500,2.649467945098877,1502
fu,climate change,783,6.040000000596048,500,2.649467945098877,1502
fu,climate change,784,10.0,500,2.649467945098877,1502
fu,climate change,785,0.10000000149011615,500,2.649467945098877,1502
fu,climate change,786,6.700000000496705,500,2.649467945098877,1502
fu,climate change,787,11.12222222238779,500,2.649467945098877,1502
fu,climate change,788,5.050000000745058,500,2.649467945098877,1502
fu,climate change,789,5.050000000745058,500,2.649467945098877,1502
fu,climate change,790,11.683333333581686,500,2.649467945098877,1502
fu,climate change,791,10.000000000000002,500,2.649467945098877,1502
fu,climate change,792,10.0,500,2.649467945098877,1502
fu,climate change,793,5.075000001117587,500,2.649467945098877,1502
fu,climate change,794,11.020000000298023,500,2.649467945098877,1502
fu,climate change,795,11.020000000298023,500,2.649467945098877,1502
fu,climate change,796,15.0,500,2.649467945098877,1502
fu,climate change,797,13.333333333333334,500,2.649467945098877,1502
fu,climate change,798,20.0,500,2.649467945098877,1502
fu,climate change,799,6.733333334326745,500,2.649467945098877,1502
fu,climate change,800,10.0,500,2.649467945098877,1502
fu,climate change,801,10.0,500,2.649467945098877,1502
fu,climate change,802,8.693333333730699,500,2.649467945098877,1502
fu,climate change,803,0.10000000149011615,500,2.649467945098877,1502
fu,climate change,804,4.060000000894069,500,2.649467945098877,1502
fu,climate change,805,16.0,500,2.649467945098877,1502
fu,climate change,806,0.10000000149011615,500,2.649467945098877,1502
fu,climate change,807,10.0,500,2.649467945098877,1502
fu,climate change,808,10.0,500,2.649467945098877,1502
fu,climate change,809,4.060000000894069,500,2.649467945098877,1502
fu,climate change,810,12.020000000298023,500,2.649467945098877,1502
fu,climate change,811,13.366666667163374,500,2.649467945098877,1502
fu,climate change,812,10.050000000745058,500,2.649467945098877,1502
fu,climate change,813,10.050000000745058,500,2.649467945098877,1502
fu,climate change,814,10.01666666691502,500,2.649467945098877,1502
fu,climate change,815,3.4000000009934115,500,2.649467945098877,1502
fu,climate change,816,10.0,500,2.649467945098877,1502
fu,climate change,817,10.0,500,2.649467945098877,1502
fu,climate change,818,10.01666666691502,500,2.649467945098877,1502
fu,climate change,819,10.050000000745058,500,2.649467945098877,1502
fu,climate change,820,10.050000000745058,500,2.649467945098877,1502
fu,climate change,821,8.836000000536442,500,2.649467945098877,1502
fu,climate change,822,8.06000000089407,500,2.649467945098877,1502
fu,climate change,823,0.10000000149011615,500,2.649467945098877,1502
fu,climate change,824,10.0,500,2.649467945098877,1502
fu,climate change,825,10.0,500,2.649467945098877,1502
fu,climate change,826,16.666666666666664,500,2.649467945098877,1502
fu,climate change,827,0.10000000149011615,500,2.649467945098877,1502
fu,climate change,828,4.060000000894069,500,2.649467945098877,1502
fu,climate change,829,16.0,500,2.649467945098877,1502
fu,climate change,830,6.700000000496705,500,2.649467945098877,1502
fu,climate change,831,0.10000000149011615,500,2.649467945098877,1502
fu,climate change,832,8.06000000089407,500,2.649467945098877,1502
fu,climate change,833,10.0,500,2.649467945098877,1502
fu,climate change,834,10.0,500,2.649467945098877,1502
fu,climate change,835,10.033333333830038,500,2.649467945098877,1502
fu,climate change,836,0.10000000149011615,500,2.649467945098877,1502
fu,climate change,837,10.0,500,2.649467945098877,1502
fu,climate change,838,10.0,500,2.649467945098877,1502
fu,climate change,839,10.01666666691502,500,2.649467945098877,1502
fu,climate change,840,10.01666666691502,500,2.649467945098877,1502
fu,climate change,841,10.050000000745058,500,2.649467945098877,1502
fu,climate change,842,11.020000000298023,500,2.649467945098877,1502
fu,climate change,843,15.0,500,2.649467945098877,1502
fu,climate change,844,15.0,500,2.649467945098877,1502
fu,climate change,845,2.5750000011175875,500,2.649467945098877,1502
fu,climate change,846,8.545000000670552,500,2.649467945098877,1502
fu,climate change,847,9.515000000223518,500,2.649467945098877,1502
fu,climate change,848,12.512500000186265,500,2.649467945098877,1502
fu,climate change,849,12.512500000186265,500,2.649467945098877,1502
fu,climate change,850,7.5375000005587935,500,2.649467945098877,1502
fu,climate change,851,8.06000000089407,500,2.649467945098877,1502
fu,climate change,852,0.10000000149011615,500,2.649467945098877,1502
fu,climate change,853,6.700000000496705,500,2.649467945098877,1502
fu,climate change,854,8.693333333730699,500,2.649467945098877,1502
fu,climate change,855,14.0,500,2.649467945098877,1502
fu,climate change,856,10.0,500,2.649467945098877,1502
fu,climate change,857,20.0,500,2.649467945098877,1502
fu,climate change,858,13.333333333333334,500,2.649467945098877,1502
fu,climate change,859,10.680000000198683,500,2.649467945098877,1502
fu,climate change,860,20.0,500,2.649467945098877,1502
fu,climate change,861,16.0,500,2.649467945098877,1502
fu,climate change,862,8.040000000596049,500,2.649467945098877,1502
fu,climate change,863,11.12222222238779,500,2.649467945098877,1502
fu,climate change,864,6.700000000496705,500,2.649467945098877,1502
fu,climate change,865,0.10000000149011615,500,2.649467945098877,1502
fu,climate change,866,10.0,500,2.649467945098877,1502
fu,climate change,867,10.0,500,2.649467945098877,1502
fu,climate change,868,10.033333333830038,500,2.649467945098877,1502
fu,climate change,869,10.841666666790841,500,2.649467945098877,1502
fu,climate change,870,7.525000000372527,500,2.649467945098877,1502
fu,climate change,871,2.5750000011175875,500,2.649467945098877,1502
fu,climate change,872,13.333333333333334,500,2.649467945098877,1502
fu,climate change,873,20.0,500,2.649467945098877,1502
fu,climate change,874,12.040000000596049,500,2.649467945098877,1502
fu,climate change,875,15.0,500,2.649467945098877,1502
fu,climate change,876,15.0,500,2.649467945098877,1502
fu,climate change,877,5.050000000745058,500,2.649467945098877,1502
fu,climate change,878,15.0,500,2.649467945098877,1502
fu,climate change,879,11.020000000298023,500,2.649467945098877,1502
fu,climate change,880,11.020000000298023,500,2.649467945098877,1502
fu,climate change,881,12.499999999999998,500,2.649467945098877,1502
fu,climate change,882,17.499999999999996,500,2.649467945098877,1502
fu,climate change,883,7.550000000745058,500,2.649467945098877,1502
fu,climate change,884,11.34666666686535,500,2.649467945098877,1502
fu,climate change,885,10.000000000000002,500,2.649467945098877,1502
fu,climate change,886,10.0,500,2.649467945098877,1502
fu,climate change,887,10.841666666790841,500,2.649467945098877,1502
fu,climate change,888,12.525000000372527,500,2.649467945098877,1502
fu,climate change,889,2.5750000011175875,500,2.649467945098877,1502
fu,climate change,890,10.0,500,2.649467945098877,1502
fu,climate change,891,10.0,500,2.649467945098877,1502
fu,climate change,892,10.033333333830038,500,2.649467945098877,1502
fu,climate change,893,11.683333333581686,500,2.649467945098877,1502
fu,climate change,894,5.050000000745058,500,2.649467945098877,1502
fu,climate change,895,5.050000000745058,500,2.649467945098877,1502
fu,climate change,896,6.733333334326745,500,2.649467945098877,1502
fu,climate change,897,8.040000000596049,500,2.649467945098877,1502
fu,climate change,898,16.0,500,2.649467945098877,1502
fu,climate change,899,9.224000000357629,500,2.649467945098877,1502
fu,climate change,900,10.0,500,2.649467945098877,1502
fu,climate change,901,10.0,500,2.649467945098877,1502
fu,climate change,902,7.525000000372527,500,2.649467945098877,1502
fu,climate change,903,12.499999999999998,500,2.649467945098877,1502
fu,climate change,904,17.499999999999996,500,2.649467945098877,1502
fu,climate change,905,15.0,500,2.649467945098877,1502
fu,climate change,906,5.050000000745058,500,2.649467945098877,1502
fu,climate change,907,5.050000000745058,500,2.649467945098877,1502
fu,climate change,908,10.0,500,2.649467945098877,1502
fu,climate change,909,10.0,500,2.649467945098877,1502
fu,climate change,910,8.693333333730699,500,2.649467945098877,1502
fu,climate change,911,5.050000000745058,500,2.649467945098877,1502
fu,climate change,912,11.683333333581686,500,2.649467945098877,1502
fu,climate change,913,11.683333333581686,500,2.649467945098877,1502
fu,climate change,914,14.0,500,2.649467945098877,1502
fu,climate change,915,10.81600000023842,500,2.649467945098877,1502
fu,climate change,916,10.0,500,2.649467945098877,1502
fu,climate change,917,10.0,500,2.649467945098877,1502
fu,climate change,918,10.050000000745058,500,2.649467945098877,1502
fu,climate change,919,10.050000000745058,500,2.649467945098877,1502
fu,climate change,920,10.0,500,2.649467945098877,1502
fu,climate change,921,10.0,500,2.649467945098877,1502
fu,climate change,922,16.666666666666664,500,2.649467945098877,1502
fu,climate change,923,4.060000000894069,500,2.649467945098877,1502
fu,climate change,924,8.836000000536442,500,2.649467945098877,1502
fu,climate change,925,8.06000000089407,500,2.649467945098877,1502
fu,climate change,926,10.0,500,2.649467945098877,1502
fu,climate change,927,10.0,500,2.649467945098877,1502
fu,climate change,928,10.019999736662609,500,2.649467945098877,1502
fu,climate change,929,8.06000000089407,500,2.649467945098877,1502
fu,climate change,930,0.10000000149011615,500,2.649467945098877,1502
fu,climate change,931,6.700000000496705,500,2.649467945098877,1502
fu,climate change,932,7.5375000005587935,500,2.649467945098877,1502
fu,climate change,933,12.512500000186265,500,2.649467945098877,1502
fu,climate change,934,12.512500000186265,500,2.649467945098877,1502
fu,climate change,935,5.050000000745058,500,2.649467945098877,1502
fu,climate change,936,5.050000000745058,500,2.649467945098877,1502
fu,climate change,937,9.030000000447036,500,2.649467945098877,1502
fu,climate change,938,5.050000000745058,500,2.649467945098877,1502
fu,climate change,939,11.683333333581686,500,2.649467945098877,1502
fu,climate change,940,11.683333333581686,500,2.649467945098877,1502
fu,climate change,941,13.015000000223518,500,2.649467945098877,1502
fu,climate change,942,15.025000000372529,500,2.649467945098877,1502
fu,climate change,943,5.075000001117587,500,2.649467945098877,1502
fu,climate change,944,7.5375000005587935,500,2.649467945098877,1502
fu,climate change,945,12.512500000186265,500,2.649467945098877,1502
fu,climate change,946,12.512500000186265,500,2.649467945098877,1502
fu,climate change,947,10.01666666691502,500,2.649467945098877,1502
fu,climate change,948,10.01666666691502,500,2.649467945098877,1502
fu,climate change,949,10.050000000745058,500,2.649467945098877,1502
fu,climate change,950,10.012500000186265,500,2.649467945098877,1502
fu,climate change,951,10.037500000558794,500,2.649467945098877,1502
fu,climate change,952,10.037500000558794,500,2.649467945098877,1502
fu,climate change,953,6.040000000596048,500,2.649467945098877,1502
fu,climate change,954,10.0,500,2.649467945098877,1502
fu,climate change,955,10.0,500,2.649467945098877,1502
fu,climate change,956,6.700000000496705,500,2.649467945098877,1502
fu,climate change,957,0.10000000149011615,500,2.649467945098877,1502
fu,climate change,958,8.06000000089407,500,2.649467945098877,1502
fu,climate change,959,16.666666666666664,500,2.649467945098877,1502
fu,climate change,960,7.8222222228844975,500,2.649467945098877,1502
fu,climate change,961,10.0,500,2.649467945098877,1502
fu,climate change,962,8.06000000089407,500,2.649467945098877,1502
fu,climate change,963,0.10000000149011615,500,2.649467945098877,1502
fu,climate change,964,6.700000000496705,500,2.649467945098877,1502
fu,climate change,965,7.5375000005587935,500,2.649467945098877,1502
fu,climate change,966,12.512500000186265,500,2.649467945098877,1502
fu,climate change,967,12.512500000186265,500,2.649467945098877,1502
fu,climate change,968,10.050000000745058,500,2.649467945098877,1502
fu,climate change,969,10.01666666691502,500,2.649467945098877,1502
fu,climate change,970,10.01666666691502,500,2.649467945098877,1502
fu,climate change,971,15.0,500,2.649467945098877,1502
fu,climate change,972,15.0,500,2.649467945098877,1502
fu,climate change,973,8.366666667163372,500,2.649467945098877,1502
fu,climate change,974,10.0,500,2.649467945098877,1502
fu,climate change,975,10.0,500,2.649467945098877,1502
fu,climate change,976,6.733333334326745,500,2.649467945098877,1502
fu,climate change,977,7.525000000372527,500,2.649467945098877,1502
fu,climate change,978,2.5750000011175875,500,2.649467945098877,1502
fu,climate change,979,12.525000000372527,500,2.649467945098877,1502
fu,climate change,980,7.550000000745058,500,2.649467945098877,1502
fu,climate change,981,9.183333333581686,500,2.649467945098877,1502
fu,climate change,982,12.499999999999998,500,2.649467945098877,1502
fu,climate change,983,11.683333333581686,500,2.649467945098877,1502
fu,climate change,984,11.683333333581686,500,2.649467945098877,1502
fu,climate change,985,5.050000000745058,500,2.649467945098877,1502
fu,climate change,986,5.050000000745058,500,2.649467945098877,1502
fu,climate change,987,5.050000000745058,500,2.649467945098877,1502
fu,climate change,988,11.683333333581686,500,2.649467945098877,1502
fu,climate change,989,14.0,500,2.649467945098877,1502
fu,climate change,990,10.0,500,2.649467945098877,1502
fu,climate change,991,10.0,500,2.649467945098877,1502
fu,climate change,992,15.0,500,2.649467945098877,1502
fu,climate change,993,15.0,500,2.649467945098877,1502
fu,climate change,994,5.050000000745058,500,2.649467945098877,1502
fu,climate change,995,10.037500000558794,500,2.649467945098877,1502
fu,climate change,996,10.012500000186265,500,2.649467945098877,1502
fu,climate change,997,10.012500000186265,500,2.649467945098877,1502
fu,climate change,998,10.0,500,2.649467945098877,1502
fu,climate change,999,9.224000000357629,500,2.649467945098877,1502
fu,climate change,1000,6.040000000596048,500,2.649467945098877,1502
fu,climate change,1001,10.025000000372529,500,2.649467945098877,1502
fu,climate change,1002,10.025000000372529,500,2.649467945098877,1502
fu,climate change,1003,10.025000000372529,500,2.649467945098877,1502
fu,climate change,1004,8.366666667163372,500,2.649467945098877,1502
fu,climate change,1005,8.366666667163372,500,2.649467945098877,1502
fu,climate change,1006,15.0,500,2.649467945098877,1502
fu,climate change,1007,6.733333334326745,500,2.649467945098877,1502
fu,climate change,1008,20.0,500,2.649467945098877,1502
fu,climate change,1009,13.333333333333334,500,2.649467945098877,1502
fu,climate change,1010,10.012500000186265,500,2.649467945098877,1502
fu,climate change,1011,10.037500000558794,500,2.649467945098877,1502
fu,climate change,1012,10.037500000558794,500,2.649467945098877,1502
fu,climate change,1013,10.0,500,2.649467945098877,1502
fu,climate change,1014,10.0,500,2.649467945098877,1502
fu,climate change,1015,10.033333333830038,500,2.649467945098877,1502
fu,climate change,1016,10.050000000745058,500,2.649467945098877,1502
fu,climate change,1017,10.029997867043171,500,2.649467945098877,1502
fu,climate change,1018,10.029997867043171,500,2.649467945098877,1502
fu,climate change,1019,7.5375000005587935,500,2.649467945098877,1502
fu,climate change,1020,12.512500000186265,500,2.649467945098877,1502
fu,climate change,1021,12.512500000186265,500,2.649467945098877,1502
fu,climate change,1022,8.06000000089407,500,2.649467945098877,1502
fu,climate change,1023,0.10000000149011615,500,2.649467945098877,1502
fu,climate change,1024,4.060000000894069,500,2.649467945098877,1502
fu,climate change,1025,8.366666667163372,500,2.649467945098877,1502
fu,climate change,1026,15.0,500,2.649467945098877,1502
fu,climate change,1027,15.0,500,2.649467945098877,1502
fu,climate change,1028,20.0,500,2.649467945098877,1502
fu,climate change,1029,12.040000000596049,500,2.649467945098877,1502
fu,climate change,1030,10.680000000198683,500,2.649467945098877,1502
fu,climate change,1031,20.0,500,2.649467945098877,1502
fu,climate change,1032,0.10000000149011615,500,2.649467945098877,1502
fu,climate change,1033,6.700000000496705,500,2.649467945098877,1502
fu,climate change,1034,13.350000000248352,500,2.649467945098877,1502
fu,climate change,1035,6.716666667411725,500,2.649467945098877,1502
fu,climate change,1036,10.0,500,2.649467945098877,1502
fu,climate change,1037,0.10000000149011615,500,2.649467945098877,1502
fu,climate change,1038,8.06000000089407,500,2.649467945098877,1502
fu,climate change,1039,10.0,500,2.649467945098877,1502
fu,climate change,1040,5.050000000745058,500,2.649467945098877,1502
fu,climate change,1041,5.050000000745058,500,2.649467945098877,1502
fu,climate change,1042,9.030000000447036,500,2.649467945098877,1502
fu,climate change,1043,16.666666666666664,500,2.649467945098877,1502
fu,climate change,1044,10.0,500,2.649467945098877,1502
fu,climate change,1045,10.0,500,2.649467945098877,1502
fu,climate change,1046,10.000000000000002,500,2.649467945098877,1502
fu,climate change,1047,11.34666666686535,500,2.649467945098877,1502
fu,climate change,1048,6.040000000596048,500,2.649467945098877,1502
fu,climate change,1049,10.050000000745058,500,2.649467945098877,1502
fu,climate change,1050,10.050000000745058,500,2.649467945098877,1502
fu,climate change,1051,10.029997867043171,500,2.649467945098877,1502
fu,climate change,1052,13.333333333333334,500,2.649467945098877,1502
fu,climate change,1053,6.700000000496705,500,2.649467945098877,1502
fu,climate change,1054,0.10000000149011615,500,2.649467945098877,1502
fu,climate change,1055,10.0,500,2.649467945098877,1502
fu,climate change,1056,10.0,500,2.649467945098877,1502
fu,climate change,1057,8.706666667262715,500,2.649467945098877,1502
fu,climate change,1058,17.499999999999996,500,2.649467945098877,1502
fu,climate change,1059,2.5750000011175875,500,2.649467945098877,1502
fu,climate change,1060,7.525000000372527,500,2.649467945098877,1502
fu,climate change,1061,10.019999736662609,500,2.649467945098877,1502
fu,climate change,1062,10.019999736662609,500,2.649467945098877,1502
fu,climate change,1063,10.0,500,2.649467945098877,1502
fu,climate change,1064,0.10000000149011615,500,2.649467945098877,1502
fu,climate change,1065,20.0,500,2.649467945098877,1502
fu,climate change,1066,13.333333333333334,500,2.649467945098877,1502
fu,climate change,1067,10.0,500,2.649467945098877,1502
fu,climate change,1068,10.0,500,2.649467945098877,1502
fu,climate change,1069,12.040000000596049,500,2.649467945098877,1502
fu,climate change,1070,6.040000000596048,500,2.649467945098877,1502
fu,climate change,1071,10.0,500,2.649467945098877,1502
fu,climate change,1072,10.0,500,2.649467945098877,1502
fu,climate change,1073,9.183333333581686,500,2.649467945098877,1502
fu,climate change,1074,12.499999999999998,500,2.649467945098877,1502
fu,climate change,1075,17.499999999999996,500,2.649467945098877,1502
fu,climate change,1076,10.81600000023842,500,2.649467945098877,1502
fu,climate change,1077,10.0,500,2.649467945098877,1502
fu,climate change,1078,10.0,500,2.649467945098877,1502
fu,climate change,1079,10.037500000558794,500,2.649467945098877,1502
fu,climate change,1080,10.037500000558794,500,2.649467945098877,1502
fu,climate change,1081,10.012500000186265,500,2.649467945098877,1502
fu,climate change,1082,10.029997867043171,500,2.649467945098877,1502
fu,climate change,1083,10.050000000745058,500,2.649467945098877,1502
fu,climate change,1084,10.050000000745058,500,2.649467945098877,1502
fu,climate change,1085,8.366666667163372,500,2.649467945098877,1502
fu,climate change,1086,15.0,500,2.649467945098877,1502
fu,climate change,1087,15.0,500,2.649467945098877,1502
fu,climate change,1088,10.0,500,2.649467945098877,1502
fu,climate change,1089,10.0,500,2.649467945098877,1502
fu,climate change,1090,8.706666667262715,500,2.649467945098877,1502
fu,climate change,1091,8.040000000596049,500,2.649467945098877,1502
fu,climate change,1092,6.733333334326745,500,2.649467945098877,1502
fu,climate change,1093,20.0,500,2.649467945098877,1502
fu,climate change,1094,10.01666666691502,500,2.649467945098877,1502
fu,climate change,1095,10.050000000745058,500,2.649467945098877,1502
fu,climate change,1096,10.050000000745058,500,2.649467945098877,1502
fu,climate change,1097,15.0,500,2.649467945098877,1502
fu,climate change,1098,5.050000000745058,500,2.649467945098877,1502
fu,climate change,1099,5.050000000745058,500,2.649467945098877,1502
fu,climate change,1100,10.033333333830038,500,2.649467945098877,1502
fu,climate change,1101,10.0,500,2.649467945098877,1502
fu,climate change,1102,10.0,500,2.649467945098877,1502
fu,climate change,1103,10.0,500,2.649467945098877,1502
fu,climate change,1104,10.0,500,2.649467945098877,1502
fu,climate change,1105,10.033333333830038,500,2.649467945098877,1502
fu,climate change,1106,10.0,500,2.649467945098877,1502
fu,climate change,1107,10.050000000745058,500,2.649467945098877,1502
fu,climate change,1108,10.050000000745058,500,2.649467945098877,1502
fu,climate change,1109,20.0,500,2.649467945098877,1502
fu,climate change,1110,16.0,500,2.649467945098877,1502
fu,climate change,1111,8.040000000596049,500,2.649467945098877,1502
fu,climate change,1112,11.683333333581686,500,2.649467945098877,1502
fu,climate change,1113,5.050000000745058,500,2.649467945098877,1502
fu,climate change,1114,5.050000000745058,500,2.649467945098877,1502
fu,climate change,1115,16.666666666666664,500,2.649467945098877,1502
fu,climate change,1116,3.4000000009934115,500,2.649467945098877,1502
fu,climate change,1117,10.0,500,2.649467945098877,1502
fu,climate change,1118,0.10000000149011615,500,2.649467945098877,1502
fu,climate change,1119,6.700000000496705,500,2.649467945098877,1502
fu,climate change,1120,9.353333333631355,500,2.649467945098877,1502
fu,climate change,1121,11.530000000447036,500,2.649467945098877,1502
fu,climate change,1122,17.499999999999996,500,2.649467945098877,1502
fu,climate change,1123,12.499999999999998,500,2.649467945098877,1502
fu,climate change,1124,7.525000000372527,500,2.649467945098877,1502
fu,climate change,1125,2.5750000011175875,500,2.649467945098877,1502
fu,climate change,1126,17.499999999999996,500,2.649467945098877,1502
fu,climate change,1127,4.060000000894069,500,2.649467945098877,1502
fu,climate change,1128,0.10000000149011615,500,2.649467945098877,1502
fu,climate change,1129,20.0,500,2.649467945098877,1502
fu,climate change,1130,8.030000000447036,500,2.649467945098877,1502
fu,climate change,1131,10.0,500,2.649467945098877,1502
fu,climate change,1132,10.000000000000002,500,2.649467945098877,1502
fu,climate change,1133,10.0,500,2.649467945098877,1502
fu,climate change,1134,10.033333333830038,500,2.649467945098877,1502
fu,climate change,1135,10.033333333830038,500,2.649467945098877,1502
fu,climate change,1136,10.050000000745058,500,2.649467945098877,1502
fu,climate change,1137,10.050000000745058,500,2.649467945098877,1502
fu,climate change,1138,10.029997867043171,500,2.649467945098877,1502
fu,climate change,1139,10.0,500,2.649467945098877,1502
fu,climate change,1140,10.0,500,2.649467945098877,1502
fu,climate change,1141,16.666666666666664,500,2.649467945098877,1502
fu,climate change,1142,10.025000000372529,500,2.649467945098877,1502
fu,climate change,1143,10.025000000372529,500,2.649467945098877,1502
fu,climate change,1144,10.025000000372529,500,2.649467945098877,1502
fu,climate change,1145,0.10000000149011615,500,2.649467945098877,1502
fu,climate change,1146,8.06000000089407,500,2.649467945098877,1502
fu,climate change,1147,8.836000000536442,500,2.649467945098877,1502
fu,climate change,1148,9.030000000447036,500,2.649467945098877,1502
fu,climate change,1149,9.030000000447036,500,2.649467945098877,1502
fu,climate change,1150,5.050000000745058,500,2.649467945098877,1502
fu,climate change,1151,10.01666666691502,500,2.649467945098877,1502
fu,climate change,1152,10.050000000745058,500,2.649467945098877,1502
fu,climate change,1153,10.050000000745058,500,2.649467945098877,1502
fu,climate change,1154,5.050000000745058,500,2.649467945098877,1502
fu,climate change,1155,5.050000000745058,500,2.649467945098877,1502
fu,climate change,1156,15.0,500,2.649467945098877,1502
fu,climate change,1157,12.040000000596049,500,2.649467945098877,1502
fu,climate change,1158,10.0,500,2.649467945098877,1502
fu,climate change,1159,10.0,500,2.649467945098877,1502
fu,climate change,1160,0.10000000149011615,500,2.649467945098877,1502
fu,climate change,1161,20.0,500,2.649467945098877,1502
fu,climate change,1162,16.0,500,2.649467945098877,1502
fu,climate change,1163,5.050000000745058,500,2.649467945098877,1502
fu,climate change,1164,9.030000000447036,500,2.649467945098877,1502
fu,climate change,1165,9.030000000447036,500,2.649467945098877,1502
fu,climate change,1166,8.06000000089407,500,2.649467945098877,1502
fu,climate change,1167,10.0,500,2.649467945098877,1502
fu,climate change,1168,10.0,500,2.649467945098877,1502
fu,climate change,1169,13.366666667163374,500,2.649467945098877,1502
fu,climate change,1170,0.10000000149011615,500,2.649467945098877,1502
fu,climate change,1171,6.700000000496705,500,2.649467945098877,1502
fu,climate change,1172,8.366666667163372,500,2.649467945098877,1502
fu,climate change,1173,8.366666667163372,500,2.649467945098877,1502
fu,climate change,1174,15.0,500,2.649467945098877,1502
fu,climate change,1175,0.10000000149011615,500,2.649467945098877,1502
fu,climate change,1176,13.366666667163374,500,2.649467945098877,1502
fu,climate change,1177,12.020000000298023,500,2.649467945098877,1502
fu,climate change,1178,15.025000000372529,500,2.649467945098877,1502
fu,climate change,1179,11.675000000124175,500,2.649467945098877,1502
fu,climate change,1180,8.358333333705861,500,2.649467945098877,1502
fu,climate change,1181,10.050000000745058,500,2.649467945098877,1502
fu,climate change,1182,10.050000000745058,500,2.649467945098877,1502
fu,climate change,1183,10.029997867043171,500,2.649467945098877,1502
fu,climate change,1184,15.0,500,2.649467945098877,1502
fu,climate change,1185,15.0,500,2.649467945098877,1502
fu,climate change,1186,11.020000000298023,500,2.649467945098877,1502
fu,climate change,1187,17.499999999999996,500,2.649467945098877,1502
fu,climate change,1188,12.499999999999998,500,2.649467945098877,1502
fu,climate change,1189,7.525000000372527,500,2.649467945098877,1502
fu,climate change,1190,10.0,500,2.649467945098877,1502
fu,climate change,1191,10.000000000000002,500,2.649467945098877,1502
fu,climate change,1192,12.010000000149011,500,2.649467945098877,1502
fu,climate change,1193,10.0,500,2.649467945098877,1502
fu,climate change,1194,10.000000000000002,500,2.649467945098877,1502
fu,climate change,1195,12.010000000149011,500,2.649467945098877,1502
fu,climate change,1196,9.224000000357629,500,2.649467945098877,1502
fu,climate change,1197,6.040000000596048,500,2.649467945098877,1502
fu,climate change,1198,10.0,500,2.649467945098877,1502
fu,climate change,1199,10.033333333830038,500,2.649467945098877,1502
fu,climate change,1200,10.0,500,2.649467945098877,1502
fu,climate change,1201,10.0,500,2.649467945098877,1502
fu,climate change,1202,17.499999999999996,500,2.649467945098877,1502
fu,climate change,1203,11.530000000447036,500,2.649467945098877,1502
fu,climate change,1204,10.510000000149011,500,2.649467945098877,1502
fu,climate change,1205,4.060000000894069,500,2.649467945098877,1502
fu,climate change,1206,16.0,500,2.649467945098877,1502
fu,climate change,1207,20.0,500,2.649467945098877,1502
fu,climate change,1208,8.040000000596049,500,2.649467945098877,1502
fu,climate change,1209,16.0,500,2.649467945098877,1502
fu,climate change,1210,20.0,500,2.649467945098877,1502
fu,climate change,1211,10.0,500,2.649467945098877,1502
fu,climate change,1212,10.0,500,2.649467945098877,1502
fu,climate change,1213,10.019999736662609,500,2.649467945098877,1502
fu,climate change,1214,15.0,500,2.649467945098877,1502
fu,climate change,1215,11.020000000298023,500,2.649467945098877,1502
fu,climate change,1216,11.020000000298023,500,2.649467945098877,1502
fu,climate change,1217,7.525000000372527,500,2.649467945098877,1502
fu,climate change,1218,2.5750000011175875,500,2.649467945098877,1502
fu,climate change,1219,8.545000000670552,500,2.649467945098877,1502
fu,climate change,1220,10.0,500,2.649467945098877,1502
fu,climate change,1221,10.0,500,2.649467945098877,1502
fu,climate change,1222,8.06000000089407,500,2.649467945098877,1502
fu,climate change,1223,10.033333333830038,500,2.649467945098877,1502
fu,climate change,1224,10.0,500,2.649467945098877,1502
fu,climate change,1225,10.0,500,2.649467945098877,1502
fu,climate change,1226,15.025000000372529,500,2.649467945098877,1502
fu,climate change,1227,10.000000000000002,500,2.649467945098877,1502
fu,climate change,1228,10.0,500,2.649467945098877,1502
fu,climate change,1229,10.050000000745058,500,2.649467945098877,1502
fu,climate change,1230,10.050000000745058,500,2.649467945098877,1502
fu,climate change,1231,10.0,500,2.649467945098877,1502
fu,climate change,1232,10.025000000372529,500,2.649467945098877,1502
fu,climate change,1233,10.025000000372529,500,2.649467945098877,1502
fu,climate change,1234,10.025000000372529,500,2.649467945098877,1502
fu,climate change,1235,10.037500000558794,500,2.649467945098877,1502
fu,climate change,1236,10.037500000558794,500,2.649467945098877,1502
fu,climate change,1237,10.012500000186265,500,2.649467945098877,1502
fu,climate change,1238,10.0,500,2.649467945098877,1502
fu,climate change,1239,10.033333333830038,500,2.649467945098877,1502
fu,climate change,1240,10.033333333830038,500,2.649467945098877,1502
fu,climate change,1241,15.0,500,2.649467945098877,1502
fu,climate change,1242,15.0,500,2.649467945098877,1502
fu,climate change,1243,11.020000000298023,500,2.649467945098877,1502
fu,climate change,1244,10.050000000745058,500,2.649467945098877,1502
fu,climate change,1245,10.01666666691502,500,2.649467945098877,1502
fu,climate change,1246,10.01666666691502,500,2.649467945098877,1502
fu,climate change,1247,10.050000000745058,500,2.649467945098877,1502
fu,climate change,1248,10.029997867043171,500,2.649467945098877,1502
fu,climate change,1249,10.029997867043171,500,2.649467945098877,1502
fu,climate change,1250,10.0,500,2.649467945098877,1502
fu,climate change,1251,10.81600000023842,500,2.649467945098877,1502
fu,climate change,1252,14.0,500,2.649467945098877,1502
fu,climate change,1253,6.700000000496705,500,2.649467945098877,1502
fu,climate change,1254,0.10000000149011615,500,2.649467945098877,1502
fu,climate change,1255,20.0,500,2.649467945098877,1502
fu,climate change,1256,8.030000000447036,500,2.649467945098877,1502
fu,climate change,1257,12.010000000149011,500,2.649467945098877,1502
fu,climate change,1258,10.000000000000002,500,2.649467945098877,1502
fu,climate change,1259,14.0,500,2.649467945098877,1502
fu,climate change,1260,10.0,500,2.649467945098877,1502
fu,climate change,1261,10.0,500,2.649467945098877,1502
fu,climate change,1262,16.666666666666664,500,2.649467945098877,1502
fu,climate change,1263,11.360000000397365,500,2.649467945098877,1502
fu,climate change,1264,10.0,500,2.649467945098877,1502
fu,climate change,1265,10.01666666691502,500,2.649467945098877,1502
fu,climate change,1266,10.050000000745058,500,2.649467945098877,1502
fu,climate change,1267,10.050000000745058,500,2.649467945098877,1502
fu,climate change,1268,10.000000000000002,500,2.649467945098877,1502
fu,climate change,1269,12.010000000149011,500,2.649467945098877,1502
fu,climate change,1270,8.030000000447036,500,2.649467945098877,1502
fu,climate change,1271,10.025000000372529,500,2.649467945098877,1502
fu,climate change,1272,10.025000000372529,500,2.649467945098877,1502
fu,climate change,1273,10.025000000372529,500,2.649467945098877,1502
fu,climate change,1274,10.0,500,2.649467945098877,1502
fu,climate change,1275,20.0,500,2.649467945098877,1502
fu,climate change,1276,0.10000000149011615,500,2.649467945098877,1502
fu,climate change,1277,8.545000000670552,500,2.649467945098877,1502
fu,climate change,1278,2.5750000011175875,500,2.649467945098877,1502
fu,climate change,1279,7.525000000372527,500,2.649467945098877,1502
fu,climate change,1280,15.0,500,2.649467945098877,1502
fu,climate change,1281,15.0,500,2.649467945098877,1502
fu,climate change,1282,8.366666667163372,500,2.649467945098877,1502
fu,climate change,1283,10.033333333830038,500,2.649467945098877,1502
fu,climate change,1284,10.0,500,2.649467945098877,1502
fu,climate change,1285,10.0,500,2.649467945098877,1502
fu,climate change,1286,3.4000000009934115,500,2.649467945098877,1502
fu,climate change,1287,10.0,500,2.649467945098877,1502
fu,climate change,1288,10.0,500,2.649467945098877,1502
fu,climate change,1289,3.4000000009934115,500,2.649467945098877,1502
fu,climate change,1290,16.666666666666664,500,2.649467945098877,1502
fu,climate change,1291,10.0,500,2.649467945098877,1502
fu,climate change,1292,15.0,500,2.649467945098877,1502
fu,climate change,1293,15.0,500,2.649467945098877,1502
fu,climate change,1294,5.050000000745058,500,2.649467945098877,1502
fu,climate change,1295,10.01666666691502,500,2.649467945098877,1502
fu,climate change,1296,10.050000000745058,500,2.649467945098877,1502
fu,climate change,1297,10.050000000745058,500,2.649467945098877,1502
fu,climate change,1298,15.0,500,2.649467945098877,1502
fu,climate change,1299,15.0,500,2.649467945098877,1502
fu,climate change,1300,8.366666667163372,500,2.649467945098877,1502
fu,climate change,1301,20.0,500,2.649467945098877,1502
fu,climate change,1302,6.733333334326745,500,2.649467945098877,1502
fu,climate change,1303,10.0,500,2.649467945098877,1502
fu,climate change,1304,4.060000000894069,500,2.649467945098877,1502
fu,climate change,1305,16.0,500,2.649467945098877,1502
fu,climate change,1306,20.0,500,2.649467945098877,1502
fu,climate change,1307,8.366666667163372,500,2.649467945098877,1502
fu,climate change,1308,8.366666667163372,500,2.649467945098877,1502
fu,climate change,1309,15.0,500,2.649467945098877,1502
fu,climate change,1310,15.0,500,2.649467945098877,1502
fu,climate change,1311,11.020000000298023,500,2.649467945098877,1502
fu,climate change,1312,11.020000000298023,500,2.649467945098877,1502
fu,climate change,1313,15.0,500,2.649467945098877,1502
fu,climate change,1314,15.0,500,2.649467945098877,1502
fu,climate change,1315,8.366666667163372,500,2.649467945098877,1502
fu,climate change,1316,10.025000000372529,500,2.649467945098877,1502
fu,climate change,1317,10.025000000372529,500,2.649467945098877,1502
fu,climate change,1318,10.025000000372529,500,2.649467945098877,1502
fu,climate change,1319,0.10000000149011615,500,2.649467945098877,1502
fu,climate change,1320,10.0,500,2.649467945098877,1502
fu,climate change,1321,10.000000000000002,500,2.649467945098877,1502
fu,climate change,1322,10.0,500,2.649467945098877,1502
fu,climate change,1323,10.0,500,2.649467945098877,1502
fu,climate change,1324,0.10000000149011615,500,2.649467945098877,1502
fu,climate change,1325,7.5375000005587935,500,2.649467945098877,1502
fu,climate change,1326,7.5375000005587935,500,2.649467945098877,1502
fu,climate change,1327,12.512500000186265,500,2.649467945098877,1502
fu,climate change,1328,5.050000000745058,500,2.649467945098877,1502
fu,climate change,1329,9.030000000447036,500,2.649467945098877,1502
fu,climate change,1330,9.030000000447036,500,2.649467945098877,1502
fu,climate change,1331,15.025000000372529,500,2.649467945098877,1502
fu,climate change,1332,5.075000001117587,500,2.649467945098877,1502
fu,climate change,1333,7.045000000670552,500,2.649467945098877,1502
fu,climate change,1334,10.0,500,2.649467945098877,1502
fu,climate change,1335,10.0,500,2.649467945098877,1502
fu,climate change,1336,10.019999736662609,500,2.649467945098877,1502
fu,climate change,1337,17.499999999999996,500,2.649467945098877,1502
fu,climate change,1338,12.499999999999998,500,2.649467945098877,1502
fu,climate change,1339,10.510000000149011,500,2.649467945098877,1502
fu,climate change,1340,12.040000000596049,500,2.649467945098877,1502
fu,climate change,1341,20.0,500,2.649467945098877,1502
fu,climate change,1342,10.0,500,2.649467945098877,1502
fu,climate change,1343,10.050000000745058,500,2.649467945098877,1502
fu,climate change,1344,10.050000000745058,500,2.649467945098877,1502
fu,climate change,1345,10.01666666691502,500,2.649467945098877,1502
fu,climate change,1346,17.499999999999996,500,2.649467945098877,1502
fu,climate change,1347,11.530000000447036,500,2.649467945098877,1502
fu,climate change,1348,10.510000000149011,500,2.649467945098877,1502
fu,climate change,1349,13.333333333333334,500,2.649467945098877,1502
fu,climate change,1350,8.91111111144225,500,2.649467945098877,1502
fu,climate change,1351,6.733333334326745,500,2.649467945098877,1502
fu,climate change,1352,13.333333333333334,500,2.649467945098877,1502
fu,climate change,1353,6.700000000496705,500,2.649467945098877,1502
fu,climate change,1354,0.10000000149011615,500,2.649467945098877,1502
fu,climate change,1355,20.0,500,2.649467945098877,1502
fu,climate change,1356,6.733333334326745,500,2.649467945098877,1502
fu,climate change,1357,8.040000000596049,500,2.649467945098877,1502
fu,climate change,1358,13.350000000248352,500,2.649467945098877,1502
fu,climate change,1359,6.716666667411725,500,2.649467945098877,1502
fu,climate change,1360,10.0,500,2.649467945098877,1502
fu,climate change,1361,20.0,500,2.649467945098877,1502
fu,climate change,1362,10.0,500,2.649467945098877,1502
fu,climate change,1363,10.0,500,2.649467945098877,1502
fu,climate change,1364,12.512500000186265,500,2.649467945098877,1502
fu,climate change,1365,12.512500000186265,500,2.649467945098877,1502
fu,climate change,1366,7.5375000005587935,500,2.649467945098877,1502
fu,climate change,1367,10.0,500,2.649467945098877,1502
fu,climate change,1368,10.0,500,2.649467945098877,1502
fu,climate change,1369,10.033333333830038,500,2.649467945098877,1502
fu,climate change,1370,10.050000000745058,500,2.649467945098877,1502
fu,climate change,1371,10.029997867043171,500,2.649467945098877,1502
fu,climate change,1372,10.029997867043171,500,2.649467945098877,1502
fu,climate change,1373,10.0,500,2.649467945098877,1502
fu,climate change,1374,10.0,500,2.649467945098877,1502
fu,climate change,1375,14.0,500,2.649467945098877,1502
fu,climate change,1376,10.033333333830038,500,2.649467945098877,1502
fu,climate change,1377,10.0,500,2.649467945098877,1502
fu,climate change,1378,10.0,500,2.649467945098877,1502
fu,climate change,1379,15.0,500,2.649467945098877,1502
fu,climate change,1380,15.0,500,2.649467945098877,1502
fu,climate change,1381,11.020000000298023,500,2.649467945098877,1502
fu,climate change,1382,10.0,500,2.649467945098877,1502
fu,climate change,1383,10.0,500,2.649467945098877,1502
fu,climate change,1384,14.0,500,2.649467945098877,1502
fu,climate change,1385,15.025000000372529,500,2.649467945098877,1502
fu,climate change,1386,11.675000000124175,500,2.649467945098877,1502
fu,climate change,1387,8.358333333705861,500,2.649467945098877,1502
fu,climate change,1388,20.0,500,2.649467945098877,1502
fu,climate change,1389,12.040000000596049,500,2.649467945098877,1502
fu,climate change,1390,11.22400000035763,500,2.649467945098877,1502
fu,climate change,1391,10.050000000745058,500,2.649467945098877,1502
fu,climate change,1392,10.029997867043171,500,2.649467945098877,1502
fu,climate change,1393,10.029997867043171,500,2.649467945098877,1502
fu,climate change,1394,9.224000000357629,500,2.649467945098877,1502
fu,climate change,1395,10.0,500,2.649467945098877,1502
fu,climate change,1396,10.0,500,2.649467945098877,1502
fu,climate change,1397,10.0,500,2.649467945098877,1502
fu,climate change,1398,10.0,500,2.649467945098877,1502
fu,climate change,1399,8.706666667262715,500,2.649467945098877,1502
fu,climate change,1400,9.183333333581686,500,2.649467945098877,1502
fu,climate change,1401,7.550000000745058,500,2.649467945098877,1502
fu,climate change,1402,17.499999999999996,500,2.649467945098877,1502
fu,climate change,1403,10.025000000372529,500,2.649467945098877,1502
fu,climate change,1404,10.025000000372529,500,2.649467945098877,1502
fu,climate change,1405,10.025000000372529,500,2.649467945098877,1502
fu,climate change,1406,11.22400000035763,500,2.649467945098877,1502
fu,climate change,1407,16.0,500,2.649467945098877,1502
fu,climate change,1408,20.0,500,2.649467945098877,1502
fu,climate change,1409,8.768750000279397,500,2.649467945098877,1502
fu,climate change,1410,11.25625000009313,500,2.649467945098877,1502
fu,climate change,1411,13.768750000279393,500,2.649467945098877,1502
fu,climate change,1412,0.10000000149011615,500,2.649467945098877,1502
fu,climate change,1413,4.060000000894069,500,2.649467945098877,1502
fu,climate change,1414,8.836000000536442,500,2.649467945098877,1502
fu,climate change,1415,10.0,500,2.649467945098877,1502
fu,climate change,1416,10.0,500,2.649467945098877,1502
fu,climate change,1417,20.0,500,2.649467945098877,1502
fu,climate change,1418,5.050000000745058,500,2.649467945098877,1502
fu,climate change,1419,5.050000000745058,500,2.649467945098877,1502
fu,climate change,1420,9.030000000447036,500,2.649467945098877,1502
fu,climate change,1421,9.030000000447036,500,2.649467945098877,1502
fu,climate change,1422,5.050000000745058,500,2.649467945098877,1502
fu,climate change,1423,5.050000000745058,500,2.649467945098877,1502
fu,climate change,1424,10.0,500,2.649467945098877,1502
fu,climate change,1425,10.0,500,2.649467945098877,1502
fu,climate change,1426,16.666666666666664,500,2.649467945098877,1502
fu,climate change,1427,10.050000000745058,500,2.649467945098877,1502
fu,climate change,1428,10.050000000745058,500,2.649467945098877,1502
fu,climate change,1429,10.01666666691502,500,2.649467945098877,1502
fu,climate change,1430,11.25625000009313,500,2.649467945098877,1502
fu,climate change,1431,8.768750000279397,500,2.649467945098877,1502
fu,climate change,1432,6.30625000083819,500,2.649467945098877,1502
fu,climate change,1433,10.0,500,2.649467945098877,1502
fu,climate change,1434,10.0,500,2.649467945098877,1502
fu,climate change,1435,10.019999736662609,500,2.649467945098877,1502
fu,climate change,1436,10.029997867043171,500,2.649467945098877,1502
fu,climate change,1437,10.029997867043171,500,2.649467945098877,1502
fu,climate change,1438,10.050000000745058,500,2.649467945098877,1502
fu,climate change,1439,10.029997867043171,500,2.649467945098877,1502
fu,climate change,1440,10.050000000745058,500,2.649467945098877,1502
fu,climate change,1441,10.050000000745058,500,2.649467945098877,1502
fu,climate change,1442,8.366666667163372,500,2.649467945098877,1502
fu,climate change,1443,15.0,500,2.649467945098877,1502
fu,climate change,1444,15.0,500,2.649467945098877,1502
fu,climate change,1445,5.050000000745058,500,2.649467945098877,1502
fu,climate change,1446,11.683333333581686,500,2.649467945098877,1502
fu,climate change,1447,11.683333333581686,500,2.649467945098877,1502
fu,climate change,1448,6.733333334326745,500,2.649467945098877,1502
fu,climate change,1449,8.040000000596049,500,2.649467945098877,1502
fu,climate change,1450,16.0,500,2.649467945098877,1502
fu,climate change,1451,13.350000000248352,500,2.649467945098877,1502
fu,climate change,1452,10.000000000000002,500,2.649467945098877,1502
fu,climate change,1453,10.0,500,2.649467945098877,1502
fu,climate change,1454,10.0,500,2.649467945098877,1502
fu,climate change,1455,10.0,500,2.649467945098877,1502
fu,climate change,1456,10.050000000745058,500,2.649467945098877,1502
fu,climate change,1457,10.0,500,2.649467945098877,1502
fu,climate change,1458,10.0,500,2.649467945098877,1502
fu,climate change,1459,6.040000000596048,500,2.649467945098877,1502
fu,climate change,1460,10.0,500,2.649467945098877,1502
fu,climate change,1461,10.0,500,2.649467945098877,1502
fu,climate change,1462,14.0,500,2.649467945098877,1502
fu,climate change,1463,7.5375000005587935,500,2.649467945098877,1502
fu,climate change,1464,7.5375000005587935,500,2.649467945098877,1502
fu,climate change,1465,12.512500000186265,500,2.649467945098877,1502
fu,climate change,1466,10.0,500,2.649467945098877,1502
fu,climate change,1467,10.000000000000002,500,2.649467945098877,1502
fu,climate change,1468,12.244444444775581,500,2.649467945098877,1502
fu,climate change,1469,8.836000000536442,500,2.649467945098877,1502
fu,climate change,1470,4.060000000894069,500,2.649467945098877,1502
fu,climate change,1471,0.10000000149011615,500,2.649467945098877,1502
fu,climate change,1472,10.000000000000002,500,2.649467945098877,1502
fu,climate change,1473,13.366666667163374,500,2.649467945098877,1502
fu,climate change,1474,0.10000000149011615,500,2.649467945098877,1502
fu,climate change,1475,7.8222222228844975,500,2.649467945098877,1502
fu,climate change,1476,16.666666666666664,500,2.649467945098877,1502
fu,climate change,1477,10.0,500,2.649467945098877,1502
fu,climate change,1478,3.4000000009934115,500,2.649467945098877,1502
fu,climate change,1479,10.0,500,2.649467945098877,1502
fu,climate change,1480,10.0,500,2.649467945098877,1502
fu,climate change,1481,10.025000000372529,500,2.649467945098877,1502
fu,climate change,1482,10.025000000372529,500,2.649467945098877,1502
fu,climate change,1483,10.025000000372529,500,2.649467945098877,1502
fu,climate change,1484,10.012500000186265,500,2.649467945098877,1502
fu,climate change,1485,10.012500000186265,500,2.649467945098877,1502
fu,climate change,1486,10.037500000558794,500,2.649467945098877,1502
fu,climate change,1487,15.0,500,2.649467945098877,1502
fu,climate change,1488,15.0,500,2.649467945098877,1502
fu,climate change,1489,11.020000000298023,500,2.649467945098877,1502
fu,climate change,1490,20.0,500,2.649467945098877,1502
fu,climate change,1491,6.733333334326745,500,2.649467945098877,1502
fu,climate change,1492,8.040000000596049,500,2.649467945098877,1502
fu,climate change,1493,12.512500000186265,500,2.649467945098877,1502
fu,climate change,1494,12.512500000186265,500,2.649467945098877,1502
fu,climate change,1495,7.5375000005587935,500,2.649467945098877,1502
fu,climate change,1496,12.040000000596049,500,2.649467945098877,1502
fu,climate change,1497,11.22400000035763,500,2.649467945098877,1502
fu,climate change,1498,16.0,500,2.649467945098877,1502
fu,climate change,1499,0.0,500,2.649467945098877,1502
